INFO:     Started server process [73426]
INFO:     Waiting for application startup.
INFO:kafka.conn:<BrokerConnection client_id=kafka-python-producer-1, node_id=bootstrap-0 host=localhost:9092 <connecting> [IPv6 ('::1', 9092, 0, 0)]>: connecting to localhost:9092 [('::1', 9092, 0, 0) IPv6]
INFO:kafka.conn:<BrokerConnection client_id=kafka-python-producer-1, node_id=bootstrap-0 host=localhost:9092 <checking_api_versions_recv> [IPv6 ('::1', 9092, 0, 0)]>: Broker version identified as 2.6
INFO:kafka.conn:<BrokerConnection client_id=kafka-python-producer-1, node_id=bootstrap-0 host=localhost:9092 <connected> [IPv6 ('::1', 9092, 0, 0)]>: Connection complete.
INFO:shared.kafka_client:Kafka producer connected
INFO:shared.redis_client:Redis connected
INFO:elastic_transport.transport:HEAD http://localhost:9200/immunex_alerts [status:404 duration:0.037s]
INFO:elastic_transport.transport:PUT http://localhost:9200/immunex_alerts [status:200 duration:0.251s]
INFO:elastic_transport.transport:HEAD http://localhost:9200/immunex_incidents [status:404 duration:0.002s]
INFO:elastic_transport.transport:PUT http://localhost:9200/immunex_incidents [status:200 duration:0.197s]
INFO:elastic_transport.transport:HEAD http://localhost:9200/immunex_playbooks [status:404 duration:0.001s]
INFO:elastic_transport.transport:PUT http://localhost:9200/immunex_playbooks [status:200 duration:0.187s]
INFO:shared.es_client:Elasticsearch connected
INFO:orchestrator:Orchestrator started
INFO:ingest_api:Ingest API initialized: 14 CPU workers, 8 GPU slots, 20 pipeline slots
INFO:orchestrator:Layer primary URLs: {1: 'http://localhost:8001', 2: 'http://localhost:8002', 3: 'http://localhost:8003', 4: 'http://localhost:8004', 5: 'http://localhost:8005'}
INFO:     Application startup complete.
INFO:     Uvicorn running on http://0.0.0.0:8000 (Press CTRL+C to quit)
INFO:httpx:HTTP Request: GET http://localhost:8001/health "HTTP/1.1 200 OK"
INFO:httpx:HTTP Request: GET http://localhost:8001/health "HTTP/1.1 200 OK"
INFO:httpx:HTTP Request: GET http://localhost:8002/health "HTTP/1.1 200 OK"
INFO:httpx:HTTP Request: GET http://localhost:8003/health "HTTP/1.1 200 OK"
INFO:httpx:HTTP Request: GET http://localhost:8004/health "HTTP/1.1 200 OK"
INFO:httpx:HTTP Request: GET http://localhost:8005/health "HTTP/1.1 200 OK"
INFO:     127.0.0.1:34522 - "GET /health HTTP/1.1" 200 OK
INFO:httpx:HTTP Request: GET http://localhost:8001/health "HTTP/1.1 200 OK"
INFO:httpx:HTTP Request: GET http://localhost:8002/health "HTTP/1.1 200 OK"
INFO:httpx:HTTP Request: GET http://localhost:8003/health "HTTP/1.1 200 OK"
INFO:httpx:HTTP Request: GET http://localhost:8004/health "HTTP/1.1 200 OK"
INFO:httpx:HTTP Request: GET http://localhost:8005/health "HTTP/1.1 200 OK"
INFO:     127.0.0.1:34538 - "GET /health HTTP/1.1" 200 OK
INFO:ingest_api:[45723CF3] Bulk ingest: 3 logs
INFO:ingest_api:[45723CF3] Normalized 3/3 in 0ms (3000 logs/s)
WARNING:ingest_api:Redis dedup failed, proceeding without dedup: 'IMMUNEXCache' object has no attribute 'cache'
INFO:ingest_api:[45723CF3] Dedup: removed 0, 3 unique remaining
INFO:httpx:HTTP Request: POST http://localhost:8001/detect/batch "HTTP/1.1 500 Internal Server Error"
ERROR:ingest_api:L1 batch error at http://localhost:8001: Server error '500 Internal Server Error' for url 'http://localhost:8001/detect/batch'
For more information check: https://developer.mozilla.org/en-US/docs/Web/HTTP/Status/500
INFO:httpx:HTTP Request: GET http://localhost:8001/health "HTTP/1.1 200 OK"
INFO:ingest_api:[6E223F4F] Bulk ingest: 3 logs
INFO:ingest_api:[6E223F4F] Normalized 3/3 in 0ms (3000 logs/s)
WARNING:ingest_api:Redis dedup failed, proceeding without dedup: 'IMMUNEXCache' object has no attribute 'cache'
INFO:ingest_api:[6E223F4F] Dedup: removed 0, 3 unique remaining
INFO:httpx:HTTP Request: POST http://localhost:8001/detect/batch "HTTP/1.1 500 Internal Server Error"
ERROR:ingest_api:L1 batch error at http://localhost:8001: Server error '500 Internal Server Error' for url 'http://localhost:8001/detect/batch'
For more information check: https://developer.mozilla.org/en-US/docs/Web/HTTP/Status/500
INFO:ingest_api:[6E223F4F] L1 detection: 0 results in 41ms
INFO:ingest_api:[6E223F4F] Verdict: 0 anomalous, 0 benign
INFO:kafka.conn:<BrokerConnection client_id=kafka-python-producer-1, node_id=1 host=localhost:9092 <connecting> [IPv6 ('::1', 9092, 0, 0)]>: connecting to localhost:9092 [('::1', 9092, 0, 0) IPv6]
INFO:kafka.conn:<BrokerConnection client_id=kafka-python-producer-1, node_id=1 host=localhost:9092 <connected> [IPv6 ('::1', 9092, 0, 0)]>: Connection complete.
INFO:kafka.conn:<BrokerConnection client_id=kafka-python-producer-1, node_id=bootstrap-0 host=localhost:9092 <connected> [IPv6 ('::1', 9092, 0, 0)]>: Closing connection. 
WARNING:kafka.cluster:Topic immunex_raw_alerts is not available during auto-create initialization
INFO:shared.kafka_client:Sent to immunex_raw_alerts partition 0 offset 0
INFO:ingest_api:[6E223F4F] Complete: 210ms, 14 logs/s
INFO:     127.0.0.1:54486 - "POST /ingest/batch HTTP/1.1" 200 OK
INFO:httpx:HTTP Request: GET http://localhost:8001/health "HTTP/1.1 200 OK"
ERROR:ingest_api:L1 node http://10.0.0.5:8001 failed: 
INFO:ingest_api:[45723CF3] L1 detection: 0 results in 60002ms
INFO:ingest_api:[45723CF3] Verdict: 0 anomalous, 0 benign
INFO:shared.kafka_client:Sent to immunex_raw_alerts partition 0 offset 1
INFO:ingest_api:[45723CF3] Complete: 60005ms, 0 logs/s
INFO:     127.0.0.1:34540 - "POST /ingest/batch HTTP/1.1" 200 OK
INFO:httpx:HTTP Request: GET http://localhost:8001/health "HTTP/1.1 200 OK"
INFO:httpx:HTTP Request: GET http://localhost:8001/health "HTTP/1.1 200 OK"
INFO:httpx:HTTP Request: GET http://localhost:8001/health "HTTP/1.1 200 OK"
INFO:httpx:HTTP Request: GET http://localhost:8001/health "HTTP/1.1 200 OK"
INFO:ingest_api:[7EA98112] Bulk ingest: 100 logs
INFO:ingest_api:[7EA98112] Normalized 100/100 in 2ms (62914 logs/s)
WARNING:ingest_api:Redis dedup failed, proceeding without dedup: 'IMMUNEXCache' object has no attribute 'cache'
INFO:ingest_api:[7EA98112] Dedup: removed 0, 100 unique remaining
INFO:httpx:HTTP Request: POST http://localhost:8001/detect/batch "HTTP/1.1 500 Internal Server Error"
ERROR:ingest_api:L1 batch error at http://localhost:8001: Server error '500 Internal Server Error' for url 'http://localhost:8001/detect/batch'
For more information check: https://developer.mozilla.org/en-US/docs/Web/HTTP/Status/500
INFO:httpx:HTTP Request: POST http://localhost:8001/detect/batch "HTTP/1.1 500 Internal Server Error"
ERROR:ingest_api:L1 batch error at http://localhost:8001: Server error '500 Internal Server Error' for url 'http://localhost:8001/detect/batch'
For more information check: https://developer.mozilla.org/en-US/docs/Web/HTTP/Status/500
INFO:httpx:HTTP Request: POST http://localhost:8001/detect/batch "HTTP/1.1 500 Internal Server Error"
ERROR:ingest_api:L1 batch error at http://localhost:8001: Server error '500 Internal Server Error' for url 'http://localhost:8001/detect/batch'
For more information check: https://developer.mozilla.org/en-US/docs/Web/HTTP/Status/500
ERROR:ingest_api:L1 node http://localhost:8001 failed: 
INFO:ingest_api:[7EA98112] L1 detection: 0 results in 451ms
INFO:ingest_api:[7EA98112] Verdict: 0 anomalous, 0 benign
INFO:shared.kafka_client:Sent to immunex_raw_alerts partition 0 offset 2
INFO:ingest_api:[7EA98112] Complete: 455ms, 220 logs/s
INFO:     127.0.0.1:56240 - "POST /ingest/batch HTTP/1.1" 200 OK
INFO:httpx:HTTP Request: GET http://localhost:8001/health "HTTP/1.1 200 OK"
INFO:httpx:HTTP Request: GET http://localhost:8001/health "HTTP/1.1 200 OK"
INFO:httpx:HTTP Request: GET http://localhost:8001/health "HTTP/1.1 200 OK"
INFO:httpx:HTTP Request: GET http://localhost:8001/health "HTTP/1.1 200 OK"
INFO:httpx:HTTP Request: GET http://localhost:8001/health "HTTP/1.1 200 OK"
INFO:httpx:HTTP Request: GET http://localhost:8001/health "HTTP/1.1 200 OK"
INFO:httpx:HTTP Request: GET http://localhost:8001/health "HTTP/1.1 200 OK"
INFO:httpx:HTTP Request: GET http://localhost:8001/health "HTTP/1.1 200 OK"
INFO:httpx:HTTP Request: GET http://localhost:8001/health "HTTP/1.1 200 OK"
INFO:httpx:HTTP Request: GET http://localhost:8001/health "HTTP/1.1 200 OK"
INFO:httpx:HTTP Request: GET http://localhost:8001/health "HTTP/1.1 200 OK"
INFO:httpx:HTTP Request: GET http://localhost:8001/health "HTTP/1.1 200 OK"
INFO:httpx:HTTP Request: GET http://localhost:8001/health "HTTP/1.1 200 OK"
INFO:httpx:HTTP Request: GET http://localhost:8001/health "HTTP/1.1 200 OK"
INFO:httpx:HTTP Request: GET http://localhost:8001/health "HTTP/1.1 200 OK"
INFO:httpx:HTTP Request: GET http://localhost:8001/health "HTTP/1.1 200 OK"
INFO:httpx:HTTP Request: GET http://localhost:8001/health "HTTP/1.1 200 OK"
INFO:httpx:HTTP Request: GET http://localhost:8001/health "HTTP/1.1 200 OK"
INFO:httpx:HTTP Request: GET http://localhost:8001/health "HTTP/1.1 200 OK"
INFO:httpx:HTTP Request: GET http://localhost:8001/health "HTTP/1.1 200 OK"
INFO:httpx:HTTP Request: GET http://localhost:8001/health "HTTP/1.1 200 OK"
INFO:ingest_api:[235ED275] Bulk ingest: 10 logs
INFO:ingest_api:[235ED275] Normalized 10/10 in 0ms (10000 logs/s)
WARNING:ingest_api:Redis dedup failed, proceeding without dedup: 'IMMUNEXCache' object has no attribute 'cache'
INFO:ingest_api:[235ED275] Dedup: removed 0, 10 unique remaining
INFO:httpx:HTTP Request: POST http://localhost:8001/detect/batch "HTTP/1.1 200 OK"
INFO:ingest_api:[235ED275] L1 detection: 10 results in 146ms
INFO:ingest_api:[235ED275] Verdict: 10 anomalous, 0 benign
INFO:shared.kafka_client:Sent to immunex_raw_alerts partition 0 offset 3
INFO:ingest_api:[235ED275] Complete: 149ms, 67 logs/s
INFO:     127.0.0.1:48056 - "POST /ingest/batch HTTP/1.1" 200 OK
INFO:ingest_api:[E5F50B4F] Bulk ingest: 1000 logs
INFO:ingest_api:[E5F50B4F] Normalized 1000/1000 in 30ms (33477 logs/s)
WARNING:ingest_api:Redis dedup failed, proceeding without dedup: 'IMMUNEXCache' object has no attribute 'cache'
INFO:ingest_api:[E5F50B4F] Dedup: removed 0, 1000 unique remaining
INFO:httpx:HTTP Request: POST http://localhost:8001/detect/batch "HTTP/1.1 200 OK"
INFO:httpx:HTTP Request: POST http://localhost:8001/detect/batch "HTTP/1.1 200 OK"
INFO:httpx:HTTP Request: POST http://localhost:8001/detect/batch "HTTP/1.1 200 OK"
INFO:httpx:HTTP Request: POST http://localhost:8001/detect/batch "HTTP/1.1 200 OK"
INFO:httpx:HTTP Request: POST http://localhost:8001/detect/batch "HTTP/1.1 200 OK"
INFO:httpx:HTTP Request: POST http://localhost:8001/detect/batch "HTTP/1.1 200 OK"
INFO:httpx:HTTP Request: POST http://localhost:8001/detect/batch "HTTP/1.1 200 OK"
INFO:httpx:HTTP Request: POST http://localhost:8001/detect/batch "HTTP/1.1 200 OK"
INFO:httpx:HTTP Request: POST http://localhost:8001/detect/batch "HTTP/1.1 200 OK"
INFO:httpx:HTTP Request: POST http://localhost:8001/detect/batch "HTTP/1.1 200 OK"
INFO:httpx:HTTP Request: POST http://localhost:8001/detect/batch "HTTP/1.1 200 OK"
INFO:httpx:HTTP Request: POST http://localhost:8001/detect/batch "HTTP/1.1 200 OK"
INFO:httpx:HTTP Request: POST http://localhost:8001/detect/batch "HTTP/1.1 200 OK"
INFO:httpx:HTTP Request: POST http://localhost:8001/detect/batch "HTTP/1.1 200 OK"
INFO:httpx:HTTP Request: POST http://localhost:8001/detect/batch "HTTP/1.1 200 OK"
INFO:httpx:HTTP Request: POST http://localhost:8001/detect/batch "HTTP/1.1 200 OK"
INFO:httpx:HTTP Request: POST http://localhost:8001/detect/batch "HTTP/1.1 200 OK"
INFO:httpx:HTTP Request: POST http://localhost:8001/detect/batch "HTTP/1.1 200 OK"
INFO:httpx:HTTP Request: POST http://localhost:8001/detect/batch "HTTP/1.1 200 OK"
INFO:httpx:HTTP Request: POST http://localhost:8001/detect/batch "HTTP/1.1 200 OK"
INFO:httpx:HTTP Request: POST http://localhost:8001/detect/batch "HTTP/1.1 200 OK"
INFO:httpx:HTTP Request: POST http://localhost:8001/detect/batch "HTTP/1.1 200 OK"
INFO:httpx:HTTP Request: POST http://localhost:8001/detect/batch "HTTP/1.1 200 OK"
INFO:httpx:HTTP Request: POST http://localhost:8001/detect/batch "HTTP/1.1 200 OK"
INFO:httpx:HTTP Request: POST http://localhost:8001/detect/batch "HTTP/1.1 200 OK"
INFO:httpx:HTTP Request: POST http://localhost:8001/detect/batch "HTTP/1.1 200 OK"
INFO:httpx:HTTP Request: POST http://localhost:8001/detect/batch "HTTP/1.1 200 OK"
INFO:httpx:HTTP Request: POST http://localhost:8001/detect/batch "HTTP/1.1 200 OK"
INFO:httpx:HTTP Request: POST http://localhost:8001/detect/batch "HTTP/1.1 200 OK"
INFO:httpx:HTTP Request: POST http://localhost:8001/detect/batch "HTTP/1.1 200 OK"
INFO:httpx:HTTP Request: POST http://localhost:8001/detect/batch "HTTP/1.1 200 OK"
INFO:httpx:HTTP Request: POST http://localhost:8001/detect/batch "HTTP/1.1 200 OK"
INFO:ingest_api:[E5F50B4F] L1 detection: 1000 results in 12270ms
INFO:ingest_api:[E5F50B4F] Verdict: 1000 anomalous, 0 benign
INFO:shared.kafka_client:Sent to immunex_raw_alerts partition 0 offset 4
INFO:ingest_api:[E5F50B4F] Complete: 12302ms, 81 logs/s
INFO:     127.0.0.1:48072 - "POST /ingest/batch HTTP/1.1" 200 OK
INFO:ingest_api:[D4045362] Bulk ingest: 1000 logs
INFO:ingest_api:[D4045362] Normalized 1000/1000 in 17ms (58578 logs/s)
WARNING:ingest_api:Redis dedup failed, proceeding without dedup: 'IMMUNEXCache' object has no attribute 'cache'
INFO:ingest_api:[D4045362] Dedup: removed 0, 1000 unique remaining
INFO:httpx:HTTP Request: POST http://localhost:8001/detect/batch "HTTP/1.1 200 OK"
INFO:httpx:HTTP Request: POST http://localhost:8001/detect/batch "HTTP/1.1 200 OK"
INFO:httpx:HTTP Request: POST http://localhost:8001/detect/batch "HTTP/1.1 200 OK"
INFO:httpx:HTTP Request: POST http://localhost:8001/detect/batch "HTTP/1.1 200 OK"
INFO:httpx:HTTP Request: POST http://localhost:8001/detect/batch "HTTP/1.1 200 OK"
INFO:httpx:HTTP Request: POST http://localhost:8001/detect/batch "HTTP/1.1 200 OK"
INFO:httpx:HTTP Request: POST http://localhost:8001/detect/batch "HTTP/1.1 200 OK"
INFO:httpx:HTTP Request: POST http://localhost:8001/detect/batch "HTTP/1.1 200 OK"
INFO:httpx:HTTP Request: POST http://localhost:8001/detect/batch "HTTP/1.1 200 OK"
INFO:httpx:HTTP Request: POST http://localhost:8001/detect/batch "HTTP/1.1 200 OK"
INFO:httpx:HTTP Request: POST http://localhost:8001/detect/batch "HTTP/1.1 200 OK"
INFO:httpx:HTTP Request: POST http://localhost:8001/detect/batch "HTTP/1.1 200 OK"
INFO:httpx:HTTP Request: POST http://localhost:8001/detect/batch "HTTP/1.1 200 OK"
INFO:httpx:HTTP Request: POST http://localhost:8001/detect/batch "HTTP/1.1 200 OK"
INFO:httpx:HTTP Request: GET http://localhost:8001/health "HTTP/1.1 200 OK"
INFO:httpx:HTTP Request: POST http://localhost:8001/detect/batch "HTTP/1.1 200 OK"
INFO:httpx:HTTP Request: POST http://localhost:8001/detect/batch "HTTP/1.1 200 OK"
INFO:httpx:HTTP Request: POST http://localhost:8001/detect/batch "HTTP/1.1 200 OK"
INFO:httpx:HTTP Request: POST http://localhost:8001/detect/batch "HTTP/1.1 200 OK"
INFO:httpx:HTTP Request: POST http://localhost:8001/detect/batch "HTTP/1.1 200 OK"
INFO:httpx:HTTP Request: POST http://localhost:8001/detect/batch "HTTP/1.1 200 OK"
INFO:httpx:HTTP Request: POST http://localhost:8001/detect/batch "HTTP/1.1 200 OK"
INFO:httpx:HTTP Request: POST http://localhost:8001/detect/batch "HTTP/1.1 200 OK"
INFO:httpx:HTTP Request: POST http://localhost:8001/detect/batch "HTTP/1.1 200 OK"
INFO:httpx:HTTP Request: POST http://localhost:8001/detect/batch "HTTP/1.1 200 OK"
INFO:httpx:HTTP Request: POST http://localhost:8001/detect/batch "HTTP/1.1 200 OK"
INFO:httpx:HTTP Request: POST http://localhost:8001/detect/batch "HTTP/1.1 200 OK"
INFO:httpx:HTTP Request: POST http://localhost:8001/detect/batch "HTTP/1.1 200 OK"
INFO:httpx:HTTP Request: POST http://localhost:8001/detect/batch "HTTP/1.1 200 OK"
INFO:httpx:HTTP Request: POST http://localhost:8001/detect/batch "HTTP/1.1 200 OK"
INFO:httpx:HTTP Request: POST http://localhost:8001/detect/batch "HTTP/1.1 200 OK"
INFO:httpx:HTTP Request: POST http://localhost:8001/detect/batch "HTTP/1.1 200 OK"
INFO:httpx:HTTP Request: POST http://localhost:8001/detect/batch "HTTP/1.1 200 OK"
INFO:ingest_api:[D4045362] L1 detection: 1000 results in 12350ms
INFO:ingest_api:[D4045362] Verdict: 1000 anomalous, 0 benign
INFO:shared.kafka_client:Sent to immunex_raw_alerts partition 0 offset 5
INFO:ingest_api:[D4045362] Complete: 12370ms, 81 logs/s
INFO:     127.0.0.1:42860 - "POST /ingest/batch HTTP/1.1" 200 OK
INFO:ingest_api:[B97A4D1D] Bulk ingest: 1000 logs
INFO:ingest_api:[B97A4D1D] Normalized 1000/1000 in 17ms (59430 logs/s)
WARNING:ingest_api:Redis dedup failed, proceeding without dedup: 'IMMUNEXCache' object has no attribute 'cache'
INFO:ingest_api:[B97A4D1D] Dedup: removed 0, 1000 unique remaining
INFO:httpx:HTTP Request: POST http://localhost:8001/detect/batch "HTTP/1.1 200 OK"
INFO:httpx:HTTP Request: POST http://localhost:8001/detect/batch "HTTP/1.1 200 OK"
INFO:httpx:HTTP Request: POST http://localhost:8001/detect/batch "HTTP/1.1 200 OK"
INFO:httpx:HTTP Request: POST http://localhost:8001/detect/batch "HTTP/1.1 200 OK"
INFO:httpx:HTTP Request: POST http://localhost:8001/detect/batch "HTTP/1.1 200 OK"
INFO:httpx:HTTP Request: POST http://localhost:8001/detect/batch "HTTP/1.1 200 OK"
INFO:httpx:HTTP Request: POST http://localhost:8001/detect/batch "HTTP/1.1 200 OK"
INFO:httpx:HTTP Request: POST http://localhost:8001/detect/batch "HTTP/1.1 200 OK"
INFO:httpx:HTTP Request: POST http://localhost:8001/detect/batch "HTTP/1.1 200 OK"
INFO:httpx:HTTP Request: POST http://localhost:8001/detect/batch "HTTP/1.1 200 OK"
INFO:httpx:HTTP Request: POST http://localhost:8001/detect/batch "HTTP/1.1 200 OK"
INFO:httpx:HTTP Request: POST http://localhost:8001/detect/batch "HTTP/1.1 200 OK"
INFO:httpx:HTTP Request: POST http://localhost:8001/detect/batch "HTTP/1.1 200 OK"
INFO:httpx:HTTP Request: POST http://localhost:8001/detect/batch "HTTP/1.1 200 OK"
INFO:httpx:HTTP Request: POST http://localhost:8001/detect/batch "HTTP/1.1 200 OK"
INFO:httpx:HTTP Request: POST http://localhost:8001/detect/batch "HTTP/1.1 200 OK"
INFO:httpx:HTTP Request: POST http://localhost:8001/detect/batch "HTTP/1.1 200 OK"
INFO:httpx:HTTP Request: POST http://localhost:8001/detect/batch "HTTP/1.1 200 OK"
INFO:httpx:HTTP Request: POST http://localhost:8001/detect/batch "HTTP/1.1 200 OK"
INFO:httpx:HTTP Request: POST http://localhost:8001/detect/batch "HTTP/1.1 200 OK"
INFO:httpx:HTTP Request: POST http://localhost:8001/detect/batch "HTTP/1.1 200 OK"
INFO:httpx:HTTP Request: POST http://localhost:8001/detect/batch "HTTP/1.1 200 OK"
INFO:httpx:HTTP Request: POST http://localhost:8001/detect/batch "HTTP/1.1 200 OK"
INFO:httpx:HTTP Request: POST http://localhost:8001/detect/batch "HTTP/1.1 200 OK"
INFO:httpx:HTTP Request: POST http://localhost:8001/detect/batch "HTTP/1.1 200 OK"
INFO:httpx:HTTP Request: POST http://localhost:8001/detect/batch "HTTP/1.1 200 OK"
INFO:httpx:HTTP Request: POST http://localhost:8001/detect/batch "HTTP/1.1 200 OK"
INFO:httpx:HTTP Request: POST http://localhost:8001/detect/batch "HTTP/1.1 200 OK"
INFO:httpx:HTTP Request: POST http://localhost:8001/detect/batch "HTTP/1.1 200 OK"
INFO:httpx:HTTP Request: POST http://localhost:8001/detect/batch "HTTP/1.1 200 OK"
INFO:httpx:HTTP Request: POST http://localhost:8001/detect/batch "HTTP/1.1 200 OK"
INFO:httpx:HTTP Request: POST http://localhost:8001/detect/batch "HTTP/1.1 200 OK"
INFO:ingest_api:[B97A4D1D] L1 detection: 1000 results in 12428ms
INFO:ingest_api:[B97A4D1D] Verdict: 1000 anomalous, 0 benign
INFO:shared.kafka_client:Sent to immunex_raw_alerts partition 0 offset 6
INFO:ingest_api:[B97A4D1D] Complete: 12448ms, 80 logs/s
INFO:     127.0.0.1:55470 - "POST /ingest/batch HTTP/1.1" 200 OK
INFO:httpx:HTTP Request: GET http://localhost:8001/health "HTTP/1.1 200 OK"
INFO:httpx:HTTP Request: GET http://localhost:8001/health "HTTP/1.1 200 OK"
INFO:httpx:HTTP Request: GET http://localhost:8001/health "HTTP/1.1 200 OK"
INFO:httpx:HTTP Request: GET http://localhost:8001/health "HTTP/1.1 200 OK"
INFO:     Started server process [80860]
INFO:     Waiting for application startup.
INFO:kafka.conn:<BrokerConnection client_id=kafka-python-producer-1, node_id=bootstrap-0 host=localhost:9092 <connecting> [IPv6 ('::1', 9092, 0, 0)]>: connecting to localhost:9092 [('::1', 9092, 0, 0) IPv6]
INFO:kafka.conn:<BrokerConnection client_id=kafka-python-producer-1, node_id=bootstrap-0 host=localhost:9092 <checking_api_versions_recv> [IPv6 ('::1', 9092, 0, 0)]>: Broker version identified as 2.6
INFO:kafka.conn:<BrokerConnection client_id=kafka-python-producer-1, node_id=bootstrap-0 host=localhost:9092 <connected> [IPv6 ('::1', 9092, 0, 0)]>: Connection complete.
INFO:shared.kafka_client:Kafka producer connected
INFO:shared.redis_client:Redis connected
INFO:elastic_transport.transport:HEAD http://localhost:9200/immunex_alerts [status:200 duration:0.010s]
INFO:elastic_transport.transport:HEAD http://localhost:9200/immunex_incidents [status:200 duration:0.002s]
INFO:elastic_transport.transport:HEAD http://localhost:9200/immunex_playbooks [status:200 duration:0.001s]
INFO:shared.es_client:Elasticsearch connected
INFO:orchestrator:Orchestrator started
INFO:ingest_api:Ingest API initialized: 14 CPU workers, 8 GPU slots, 20 pipeline slots
INFO:orchestrator:Layer primary URLs: {1: 'http://localhost:8001', 2: 'http://10.0.0.2:8002', 3: 'http://10.0.0.3:8003', 4: 'http://10.0.0.4:8004', 5: 'http://10.0.0.5:8005'}
INFO:     Application startup complete.
INFO:     Uvicorn running on http://0.0.0.0:8000 (Press CTRL+C to quit)
INFO:httpx:HTTP Request: GET http://localhost:8001/health "HTTP/1.1 200 OK"
INFO:ingest_api:[7B33E4E3] Bulk ingest: 10 logs
INFO:ingest_api:[7B33E4E3] Normalized 10/10 in 0ms (10000 logs/s)
WARNING:ingest_api:Redis dedup failed, proceeding without dedup: 'IMMUNEXCache' object has no attribute 'cache'
INFO:ingest_api:[7B33E4E3] Dedup: removed 0, 10 unique remaining
INFO:httpx:HTTP Request: POST http://localhost:8001/detect/batch "HTTP/1.1 200 OK"
INFO:httpx:HTTP Request: GET http://localhost:8001/health "HTTP/1.1 200 OK"
INFO:httpx:HTTP Request: GET http://localhost:8001/health "HTTP/1.1 200 OK"
ERROR:ingest_api:L1 node http://10.0.0.5:8001 failed: 
INFO:ingest_api:[7B33E4E3] L1 detection: 5 results in 60002ms
INFO:ingest_api:[7B33E4E3] Verdict: 5 anomalous, 0 benign
INFO:kafka.conn:<BrokerConnection client_id=kafka-python-producer-1, node_id=1 host=localhost:9092 <connecting> [IPv6 ('::1', 9092, 0, 0)]>: connecting to localhost:9092 [('::1', 9092, 0, 0) IPv6]
INFO:kafka.conn:<BrokerConnection client_id=kafka-python-producer-1, node_id=1 host=localhost:9092 <connected> [IPv6 ('::1', 9092, 0, 0)]>: Connection complete.
INFO:kafka.conn:<BrokerConnection client_id=kafka-python-producer-1, node_id=bootstrap-0 host=localhost:9092 <connected> [IPv6 ('::1', 9092, 0, 0)]>: Closing connection. 
INFO:shared.kafka_client:Sent to immunex_raw_alerts partition 0 offset 7
INFO:ingest_api:[7B33E4E3] Complete: 60008ms, 0 logs/s
INFO:httpx:HTTP Request: GET http://localhost:8001/health "HTTP/1.1 200 OK"
INFO:     Started server process [81899]
INFO:     Waiting for application startup.
INFO:kafka.conn:<BrokerConnection client_id=kafka-python-producer-1, node_id=bootstrap-0 host=localhost:9092 <connecting> [IPv6 ('::1', 9092, 0, 0)]>: connecting to localhost:9092 [('::1', 9092, 0, 0) IPv6]
INFO:kafka.conn:<BrokerConnection client_id=kafka-python-producer-1, node_id=bootstrap-0 host=localhost:9092 <checking_api_versions_recv> [IPv6 ('::1', 9092, 0, 0)]>: Broker version identified as 2.6
INFO:kafka.conn:<BrokerConnection client_id=kafka-python-producer-1, node_id=bootstrap-0 host=localhost:9092 <connected> [IPv6 ('::1', 9092, 0, 0)]>: Connection complete.
INFO:shared.kafka_client:Kafka producer connected
INFO:shared.redis_client:Redis connected
INFO:elastic_transport.transport:HEAD http://localhost:9200/immunex_alerts [status:200 duration:0.005s]
INFO:elastic_transport.transport:HEAD http://localhost:9200/immunex_incidents [status:200 duration:0.001s]
INFO:elastic_transport.transport:HEAD http://localhost:9200/immunex_playbooks [status:200 duration:0.003s]
INFO:shared.es_client:Elasticsearch connected
INFO:orchestrator:Orchestrator started
INFO:ingest_api:Ingest API initialized: 14 CPU workers, 8 GPU slots, 20 pipeline slots
INFO:orchestrator:Layer primary URLs: {1: 'http://localhost:8001', 2: 'http://10.0.0.2:8002', 3: 'http://10.0.0.3:8003', 4: 'http://10.0.0.4:8004', 5: 'http://10.0.0.5:8005'}
INFO:     Application startup complete.
INFO:     Uvicorn running on http://0.0.0.0:8000 (Press CTRL+C to quit)
INFO:httpx:HTTP Request: GET http://localhost:8001/health "HTTP/1.1 200 OK"
INFO:ingest_api:[F3ED7C63] Bulk ingest: 10 logs
INFO:ingest_api:[F3ED7C63] Normalized 10/10 in 0ms (10000 logs/s)
INFO:ingest_api:[F3ED7C63] Dedup: removed 0, 10 unique remaining
INFO:httpx:HTTP Request: POST http://localhost:8001/detect/batch "HTTP/1.1 200 OK"
INFO:ingest_api:[F3ED7C63] L1 detection: 10 results in 145ms
INFO:ingest_api:[F3ED7C63] Verdict: 10 anomalous, 0 benign
INFO:kafka.conn:<BrokerConnection client_id=kafka-python-producer-1, node_id=1 host=localhost:9092 <connecting> [IPv6 ('::1', 9092, 0, 0)]>: connecting to localhost:9092 [('::1', 9092, 0, 0) IPv6]
INFO:kafka.conn:<BrokerConnection client_id=kafka-python-producer-1, node_id=1 host=localhost:9092 <connected> [IPv6 ('::1', 9092, 0, 0)]>: Connection complete.
INFO:kafka.conn:<BrokerConnection client_id=kafka-python-producer-1, node_id=bootstrap-0 host=localhost:9092 <connected> [IPv6 ('::1', 9092, 0, 0)]>: Closing connection. 
INFO:shared.kafka_client:Sent to immunex_raw_alerts partition 0 offset 8
INFO:ingest_api:[F3ED7C63] Complete: 150ms, 67 logs/s
INFO:     127.0.0.1:40550 - "POST /ingest/batch HTTP/1.1" 200 OK
INFO:ingest_api:[8994C065] Bulk ingest: 1000 logs
INFO:ingest_api:[8994C065] Normalized 1000/1000 in 17ms (58804 logs/s)
INFO:ingest_api:[8994C065] Dedup: removed 10, 990 unique remaining
ERROR:ingest_api:L1 node http://localhost:8001 failed: Server disconnected without sending a response.
ERROR:ingest_api:L1 node http://localhost:8001 failed: Server disconnected without sending a response.
ERROR:ingest_api:L1 node http://localhost:8001 failed: Server disconnected without sending a response.
ERROR:ingest_api:L1 node http://localhost:8001 failed: Server disconnected without sending a response.
ERROR:ingest_api:L1 node http://localhost:8001 failed: Server disconnected without sending a response.
ERROR:ingest_api:L1 node http://localhost:8001 failed: Server disconnected without sending a response.
ERROR:ingest_api:L1 node http://localhost:8001 failed: Server disconnected without sending a response.
ERROR:ingest_api:L1 node http://localhost:8001 failed: Server disconnected without sending a response.
ERROR:ingest_api:L1 node http://localhost:8001 failed: Server disconnected without sending a response.
ERROR:ingest_api:L1 node http://localhost:8001 failed: Server disconnected without sending a response.
ERROR:ingest_api:L1 node http://localhost:8001 failed: Server disconnected without sending a response.
ERROR:ingest_api:L1 node http://localhost:8001 failed: Server disconnected without sending a response.
ERROR:ingest_api:L1 node http://localhost:8001 failed: Server disconnected without sending a response.
ERROR:ingest_api:L1 node http://localhost:8001 failed: Server disconnected without sending a response.
ERROR:ingest_api:L1 node http://localhost:8001 failed: Server disconnected without sending a response.
ERROR:ingest_api:L1 node http://localhost:8001 failed: Server disconnected without sending a response.
ERROR:ingest_api:L1 node http://localhost:8001 failed: Server disconnected without sending a response.
ERROR:ingest_api:L1 node http://localhost:8001 failed: Server disconnected without sending a response.
ERROR:ingest_api:L1 node http://localhost:8001 failed: Server disconnected without sending a response.
ERROR:ingest_api:L1 node http://localhost:8001 failed: Server disconnected without sending a response.
ERROR:ingest_api:L1 node http://localhost:8001 failed: Server disconnected without sending a response.
ERROR:ingest_api:L1 node http://localhost:8001 failed: Server disconnected without sending a response.
ERROR:ingest_api:L1 node http://localhost:8001 failed: Server disconnected without sending a response.
ERROR:ingest_api:L1 node http://localhost:8001 failed: Server disconnected without sending a response.
ERROR:ingest_api:L1 node http://localhost:8001 failed: Server disconnected without sending a response.
ERROR:ingest_api:L1 node http://localhost:8001 failed: Server disconnected without sending a response.
ERROR:ingest_api:L1 node http://localhost:8001 failed: Server disconnected without sending a response.
ERROR:ingest_api:L1 node http://localhost:8001 failed: Server disconnected without sending a response.
ERROR:ingest_api:L1 node http://localhost:8001 failed: Server disconnected without sending a response.
ERROR:ingest_api:L1 node http://localhost:8001 failed: Server disconnected without sending a response.
ERROR:ingest_api:L1 node http://localhost:8001 failed: Server disconnected without sending a response.
INFO:ingest_api:[8994C065] L1 detection: 0 results in 6308ms
INFO:ingest_api:[8994C065] Verdict: 0 anomalous, 0 benign
INFO:shared.kafka_client:Sent to immunex_raw_alerts partition 0 offset 9
INFO:ingest_api:[8994C065] Complete: 6336ms, 158 logs/s
INFO:     127.0.0.1:40558 - "POST /ingest/batch HTTP/1.1" 200 OK
INFO:ingest_api:[17F21491] Bulk ingest: 1000 logs
INFO:ingest_api:[17F21491] Normalized 1000/1000 in 19ms (53848 logs/s)
INFO:ingest_api:[17F21491] Dedup: removed 1000, 0 unique remaining
INFO:     127.0.0.1:40562 - "POST /ingest/batch HTTP/1.1" 200 OK
INFO:ingest_api:[37C9BB3C] Bulk ingest: 1000 logs
INFO:ingest_api:[37C9BB3C] Normalized 1000/1000 in 17ms (57414 logs/s)
INFO:ingest_api:[37C9BB3C] Dedup: removed 1000, 0 unique remaining
INFO:     127.0.0.1:40564 - "POST /ingest/batch HTTP/1.1" 200 OK
INFO:ingest_api:[6A29B420] Bulk ingest: 100 logs
INFO:ingest_api:[6A29B420] Normalized 100/100 in 2ms (54668 logs/s)
INFO:ingest_api:[6A29B420] Dedup: removed 0, 100 unique remaining
ERROR:ingest_api:L1 node http://localhost:8001 failed: All connection attempts failed
ERROR:ingest_api:L1 node http://localhost:8001 failed: All connection attempts failed
ERROR:ingest_api:L1 node http://localhost:8001 failed: All connection attempts failed
ERROR:ingest_api:L1 node http://localhost:8001 failed: All connection attempts failed
INFO:ingest_api:[6A29B420] L1 detection: 0 results in 3ms
INFO:ingest_api:[6A29B420] Verdict: 0 anomalous, 0 benign
INFO:shared.kafka_client:Sent to immunex_raw_alerts partition 0 offset 10
INFO:ingest_api:[6A29B420] Complete: 11ms, 9158 logs/s
INFO:     127.0.0.1:32846 - "POST /ingest/batch HTTP/1.1" 200 OK
INFO:ingest_api:[5E180F0E] Bulk ingest: 500 logs
INFO:ingest_api:[5E180F0E] Normalized 500/500 in 9ms (54831 logs/s)
INFO:ingest_api:[5E180F0E] Dedup: removed 0, 500 unique remaining
ERROR:ingest_api:L1 node http://localhost:8001 failed: All connection attempts failed
ERROR:ingest_api:L1 node http://localhost:8001 failed: All connection attempts failed
ERROR:ingest_api:L1 node http://localhost:8001 failed: All connection attempts failed
ERROR:ingest_api:L1 node http://localhost:8001 failed: All connection attempts failed
ERROR:ingest_api:L1 node http://localhost:8001 failed: All connection attempts failed
ERROR:ingest_api:L1 node http://localhost:8001 failed: All connection attempts failed
ERROR:ingest_api:L1 node http://localhost:8001 failed: All connection attempts failed
ERROR:ingest_api:L1 node http://localhost:8001 failed: All connection attempts failed
ERROR:ingest_api:L1 node http://localhost:8001 failed: All connection attempts failed
ERROR:ingest_api:L1 node http://localhost:8001 failed: All connection attempts failed
ERROR:ingest_api:L1 node http://localhost:8001 failed: All connection attempts failed
ERROR:ingest_api:L1 node http://localhost:8001 failed: All connection attempts failed
ERROR:ingest_api:L1 node http://localhost:8001 failed: All connection attempts failed
ERROR:ingest_api:L1 node http://localhost:8001 failed: All connection attempts failed
ERROR:ingest_api:L1 node http://localhost:8001 failed: All connection attempts failed
ERROR:ingest_api:L1 node http://localhost:8001 failed: All connection attempts failed
INFO:ingest_api:[5E180F0E] L1 detection: 0 results in 9ms
INFO:ingest_api:[5E180F0E] Verdict: 0 anomalous, 0 benign
INFO:shared.kafka_client:Sent to immunex_raw_alerts partition 0 offset 11
INFO:ingest_api:[5E180F0E] Complete: 25ms, 19759 logs/s
INFO:     127.0.0.1:32848 - "POST /ingest/batch HTTP/1.1" 200 OK
INFO:ingest_api:[694CC586] Bulk ingest: 1000 logs
INFO:ingest_api:[694CC586] Normalized 1000/1000 in 18ms (56904 logs/s)
INFO:ingest_api:[694CC586] Dedup: removed 0, 1000 unique remaining
ERROR:ingest_api:L1 node http://localhost:8001 failed: All connection attempts failed
ERROR:ingest_api:L1 node http://localhost:8001 failed: All connection attempts failed
ERROR:ingest_api:L1 node http://localhost:8001 failed: All connection attempts failed
ERROR:ingest_api:L1 node http://localhost:8001 failed: All connection attempts failed
ERROR:ingest_api:L1 node http://localhost:8001 failed: All connection attempts failed
ERROR:ingest_api:L1 node http://localhost:8001 failed: All connection attempts failed
ERROR:ingest_api:L1 node http://localhost:8001 failed: All connection attempts failed
ERROR:ingest_api:L1 node http://localhost:8001 failed: All connection attempts failed
ERROR:ingest_api:L1 node http://localhost:8001 failed: All connection attempts failed
ERROR:ingest_api:L1 node http://localhost:8001 failed: All connection attempts failed
ERROR:ingest_api:L1 node http://localhost:8001 failed: All connection attempts failed
ERROR:ingest_api:L1 node http://localhost:8001 failed: All connection attempts failed
ERROR:ingest_api:L1 node http://localhost:8001 failed: All connection attempts failed
ERROR:ingest_api:L1 node http://localhost:8001 failed: All connection attempts failed
ERROR:ingest_api:L1 node http://localhost:8001 failed: All connection attempts failed
ERROR:ingest_api:L1 node http://localhost:8001 failed: All connection attempts failed
ERROR:ingest_api:L1 node http://localhost:8001 failed: All connection attempts failed
ERROR:ingest_api:L1 node http://localhost:8001 failed: All connection attempts failed
ERROR:ingest_api:L1 node http://localhost:8001 failed: All connection attempts failed
ERROR:ingest_api:L1 node http://localhost:8001 failed: All connection attempts failed
ERROR:ingest_api:L1 node http://localhost:8001 failed: All connection attempts failed
ERROR:ingest_api:L1 node http://localhost:8001 failed: All connection attempts failed
ERROR:ingest_api:L1 node http://localhost:8001 failed: All connection attempts failed
ERROR:ingest_api:L1 node http://localhost:8001 failed: All connection attempts failed
ERROR:ingest_api:L1 node http://localhost:8001 failed: All connection attempts failed
ERROR:ingest_api:L1 node http://localhost:8001 failed: All connection attempts failed
ERROR:ingest_api:L1 node http://localhost:8001 failed: All connection attempts failed
ERROR:ingest_api:L1 node http://localhost:8001 failed: All connection attempts failed
ERROR:ingest_api:L1 node http://localhost:8001 failed: All connection attempts failed
ERROR:ingest_api:L1 node http://localhost:8001 failed: All connection attempts failed
ERROR:ingest_api:L1 node http://localhost:8001 failed: All connection attempts failed
ERROR:ingest_api:L1 node http://localhost:8001 failed: All connection attempts failed
INFO:ingest_api:[694CC586] L1 detection: 0 results in 18ms
INFO:ingest_api:[694CC586] Verdict: 0 anomalous, 0 benign
INFO:shared.kafka_client:Sent to immunex_raw_alerts partition 0 offset 12
INFO:ingest_api:[694CC586] Complete: 47ms, 21245 logs/s
INFO:     127.0.0.1:32862 - "POST /ingest/batch HTTP/1.1" 200 OK
INFO:ingest_api:[6F9032E2] Bulk ingest: 5000 logs
INFO:ingest_api:[6F9032E2] Normalized 5000/5000 in 86ms (57899 logs/s)
INFO:ingest_api:[6F9032E2] Dedup: removed 0, 5000 unique remaining
ERROR:ingest_api:L1 node http://localhost:8001 failed: All connection attempts failed
ERROR:ingest_api:L1 node http://localhost:8001 failed: All connection attempts failed
ERROR:ingest_api:L1 node http://localhost:8001 failed: All connection attempts failed
ERROR:ingest_api:L1 node http://localhost:8001 failed: All connection attempts failed
ERROR:ingest_api:L1 node http://localhost:8001 failed: All connection attempts failed
ERROR:ingest_api:L1 node http://localhost:8001 failed: All connection attempts failed
ERROR:ingest_api:L1 node http://localhost:8001 failed: All connection attempts failed
ERROR:ingest_api:L1 node http://localhost:8001 failed: All connection attempts failed
ERROR:ingest_api:L1 node http://localhost:8001 failed: All connection attempts failed
ERROR:ingest_api:L1 node http://localhost:8001 failed: All connection attempts failed
ERROR:ingest_api:L1 node http://localhost:8001 failed: All connection attempts failed
ERROR:ingest_api:L1 node http://localhost:8001 failed: All connection attempts failed
ERROR:ingest_api:L1 node http://localhost:8001 failed: All connection attempts failed
ERROR:ingest_api:L1 node http://localhost:8001 failed: All connection attempts failed
ERROR:ingest_api:L1 node http://localhost:8001 failed: All connection attempts failed
ERROR:ingest_api:L1 node http://localhost:8001 failed: All connection attempts failed
ERROR:ingest_api:L1 node http://localhost:8001 failed: All connection attempts failed
ERROR:ingest_api:L1 node http://localhost:8001 failed: All connection attempts failed
ERROR:ingest_api:L1 node http://localhost:8001 failed: All connection attempts failed
ERROR:ingest_api:L1 node http://localhost:8001 failed: All connection attempts failed
ERROR:ingest_api:L1 node http://localhost:8001 failed: All connection attempts failed
ERROR:ingest_api:L1 node http://localhost:8001 failed: All connection attempts failed
ERROR:ingest_api:L1 node http://localhost:8001 failed: All connection attempts failed
ERROR:ingest_api:L1 node http://localhost:8001 failed: All connection attempts failed
ERROR:ingest_api:L1 node http://localhost:8001 failed: All connection attempts failed
ERROR:ingest_api:L1 node http://localhost:8001 failed: All connection attempts failed
ERROR:ingest_api:L1 node http://localhost:8001 failed: All connection attempts failed
ERROR:ingest_api:L1 node http://localhost:8001 failed: All connection attempts failed
ERROR:ingest_api:L1 node http://localhost:8001 failed: All connection attempts failed
ERROR:ingest_api:L1 node http://localhost:8001 failed: All connection attempts failed
ERROR:ingest_api:L1 node http://localhost:8001 failed: All connection attempts failed
ERROR:ingest_api:L1 node http://localhost:8001 failed: All connection attempts failed
ERROR:ingest_api:L1 node http://localhost:8001 failed: All connection attempts failed
ERROR:ingest_api:L1 node http://localhost:8001 failed: All connection attempts failed
ERROR:ingest_api:L1 node http://localhost:8001 failed: All connection attempts failed
ERROR:ingest_api:L1 node http://localhost:8001 failed: All connection attempts failed
ERROR:ingest_api:L1 node http://localhost:8001 failed: All connection attempts failed
ERROR:ingest_api:L1 node http://localhost:8001 failed: All connection attempts failed
ERROR:ingest_api:L1 node http://localhost:8001 failed: All connection attempts failed
ERROR:ingest_api:L1 node http://localhost:8001 failed: All connection attempts failed
ERROR:ingest_api:L1 node http://localhost:8001 failed: All connection attempts failed
ERROR:ingest_api:L1 node http://localhost:8001 failed: All connection attempts failed
ERROR:ingest_api:L1 node http://localhost:8001 failed: All connection attempts failed
ERROR:ingest_api:L1 node http://localhost:8001 failed: All connection attempts failed
ERROR:ingest_api:L1 node http://localhost:8001 failed: All connection attempts failed
ERROR:ingest_api:L1 node http://localhost:8001 failed: All connection attempts failed
ERROR:ingest_api:L1 node http://localhost:8001 failed: All connection attempts failed
ERROR:ingest_api:L1 node http://localhost:8001 failed: All connection attempts failed
ERROR:ingest_api:L1 node http://localhost:8001 failed: All connection attempts failed
ERROR:ingest_api:L1 node http://localhost:8001 failed: All connection attempts failed
ERROR:ingest_api:L1 node http://localhost:8001 failed: All connection attempts failed
ERROR:ingest_api:L1 node http://localhost:8001 failed: All connection attempts failed
ERROR:ingest_api:L1 node http://localhost:8001 failed: All connection attempts failed
ERROR:ingest_api:L1 node http://localhost:8001 failed: All connection attempts failed
ERROR:ingest_api:L1 node http://localhost:8001 failed: All connection attempts failed
ERROR:ingest_api:L1 node http://localhost:8001 failed: All connection attempts failed
ERROR:ingest_api:L1 node http://localhost:8001 failed: All connection attempts failed
ERROR:ingest_api:L1 node http://localhost:8001 failed: All connection attempts failed
ERROR:ingest_api:L1 node http://localhost:8001 failed: All connection attempts failed
ERROR:ingest_api:L1 node http://localhost:8001 failed: All connection attempts failed
ERROR:ingest_api:L1 node http://localhost:8001 failed: All connection attempts failed
ERROR:ingest_api:L1 node http://localhost:8001 failed: All connection attempts failed
ERROR:ingest_api:L1 node http://localhost:8001 failed: All connection attempts failed
ERROR:ingest_api:L1 node http://localhost:8001 failed: All connection attempts failed
ERROR:ingest_api:L1 node http://localhost:8001 failed: All connection attempts failed
ERROR:ingest_api:L1 node http://localhost:8001 failed: All connection attempts failed
ERROR:ingest_api:L1 node http://localhost:8001 failed: All connection attempts failed
ERROR:ingest_api:L1 node http://localhost:8001 failed: All connection attempts failed
ERROR:ingest_api:L1 node http://localhost:8001 failed: All connection attempts failed
ERROR:ingest_api:L1 node http://localhost:8001 failed: All connection attempts failed
ERROR:ingest_api:L1 node http://localhost:8001 failed: All connection attempts failed
ERROR:ingest_api:L1 node http://localhost:8001 failed: All connection attempts failed
ERROR:ingest_api:L1 node http://localhost:8001 failed: All connection attempts failed
ERROR:ingest_api:L1 node http://localhost:8001 failed: All connection attempts failed
ERROR:ingest_api:L1 node http://localhost:8001 failed: All connection attempts failed
ERROR:ingest_api:L1 node http://localhost:8001 failed: All connection attempts failed
ERROR:ingest_api:L1 node http://localhost:8001 failed: All connection attempts failed
ERROR:ingest_api:L1 node http://localhost:8001 failed: All connection attempts failed
ERROR:ingest_api:L1 node http://localhost:8001 failed: All connection attempts failed
ERROR:ingest_api:L1 node http://localhost:8001 failed: All connection attempts failed
ERROR:ingest_api:L1 node http://localhost:8001 failed: All connection attempts failed
ERROR:ingest_api:L1 node http://localhost:8001 failed: All connection attempts failed
ERROR:ingest_api:L1 node http://localhost:8001 failed: All connection attempts failed
ERROR:ingest_api:L1 node http://localhost:8001 failed: All connection attempts failed
ERROR:ingest_api:L1 node http://localhost:8001 failed: All connection attempts failed
ERROR:ingest_api:L1 node http://localhost:8001 failed: All connection attempts failed
ERROR:ingest_api:L1 node http://localhost:8001 failed: All connection attempts failed
ERROR:ingest_api:L1 node http://localhost:8001 failed: All connection attempts failed
ERROR:ingest_api:L1 node http://localhost:8001 failed: All connection attempts failed
ERROR:ingest_api:L1 node http://localhost:8001 failed: All connection attempts failed
ERROR:ingest_api:L1 node http://localhost:8001 failed: All connection attempts failed
ERROR:ingest_api:L1 node http://localhost:8001 failed: All connection attempts failed
ERROR:ingest_api:L1 node http://localhost:8001 failed: All connection attempts failed
ERROR:ingest_api:L1 node http://localhost:8001 failed: All connection attempts failed
ERROR:ingest_api:L1 node http://localhost:8001 failed: All connection attempts failed
ERROR:ingest_api:L1 node http://localhost:8001 failed: All connection attempts failed
ERROR:ingest_api:L1 node http://localhost:8001 failed: All connection attempts failed
ERROR:ingest_api:L1 node http://localhost:8001 failed: All connection attempts failed
ERROR:ingest_api:L1 node http://localhost:8001 failed: All connection attempts failed
ERROR:ingest_api:L1 node http://localhost:8001 failed: All connection attempts failed
ERROR:ingest_api:L1 node http://localhost:8001 failed: All connection attempts failed
ERROR:ingest_api:L1 node http://localhost:8001 failed: All connection attempts failed
ERROR:ingest_api:L1 node http://localhost:8001 failed: All connection attempts failed
ERROR:ingest_api:L1 node http://localhost:8001 failed: All connection attempts failed
ERROR:ingest_api:L1 node http://localhost:8001 failed: All connection attempts failed
ERROR:ingest_api:L1 node http://localhost:8001 failed: All connection attempts failed
ERROR:ingest_api:L1 node http://localhost:8001 failed: All connection attempts failed
ERROR:ingest_api:L1 node http://localhost:8001 failed: All connection attempts failed
ERROR:ingest_api:L1 node http://localhost:8001 failed: All connection attempts failed
ERROR:ingest_api:L1 node http://localhost:8001 failed: All connection attempts failed
ERROR:ingest_api:L1 node http://localhost:8001 failed: All connection attempts failed
ERROR:ingest_api:L1 node http://localhost:8001 failed: All connection attempts failed
ERROR:ingest_api:L1 node http://localhost:8001 failed: All connection attempts failed
ERROR:ingest_api:L1 node http://localhost:8001 failed: All connection attempts failed
ERROR:ingest_api:L1 node http://localhost:8001 failed: All connection attempts failed
ERROR:ingest_api:L1 node http://localhost:8001 failed: All connection attempts failed
ERROR:ingest_api:L1 node http://localhost:8001 failed: All connection attempts failed
ERROR:ingest_api:L1 node http://localhost:8001 failed: All connection attempts failed
ERROR:ingest_api:L1 node http://localhost:8001 failed: All connection attempts failed
ERROR:ingest_api:L1 node http://localhost:8001 failed: All connection attempts failed
ERROR:ingest_api:L1 node http://localhost:8001 failed: All connection attempts failed
ERROR:ingest_api:L1 node http://localhost:8001 failed: All connection attempts failed
ERROR:ingest_api:L1 node http://localhost:8001 failed: All connection attempts failed
ERROR:ingest_api:L1 node http://localhost:8001 failed: All connection attempts failed
ERROR:ingest_api:L1 node http://localhost:8001 failed: All connection attempts failed
ERROR:ingest_api:L1 node http://localhost:8001 failed: All connection attempts failed
ERROR:ingest_api:L1 node http://localhost:8001 failed: All connection attempts failed
ERROR:ingest_api:L1 node http://localhost:8001 failed: All connection attempts failed
ERROR:ingest_api:L1 node http://localhost:8001 failed: All connection attempts failed
ERROR:ingest_api:L1 node http://localhost:8001 failed: All connection attempts failed
ERROR:ingest_api:L1 node http://localhost:8001 failed: All connection attempts failed
ERROR:ingest_api:L1 node http://localhost:8001 failed: All connection attempts failed
ERROR:ingest_api:L1 node http://localhost:8001 failed: All connection attempts failed
ERROR:ingest_api:L1 node http://localhost:8001 failed: All connection attempts failed
ERROR:ingest_api:L1 node http://localhost:8001 failed: All connection attempts failed
ERROR:ingest_api:L1 node http://localhost:8001 failed: All connection attempts failed
ERROR:ingest_api:L1 node http://localhost:8001 failed: All connection attempts failed
ERROR:ingest_api:L1 node http://localhost:8001 failed: All connection attempts failed
ERROR:ingest_api:L1 node http://localhost:8001 failed: All connection attempts failed
ERROR:ingest_api:L1 node http://localhost:8001 failed: All connection attempts failed
ERROR:ingest_api:L1 node http://localhost:8001 failed: All connection attempts failed
ERROR:ingest_api:L1 node http://localhost:8001 failed: All connection attempts failed
ERROR:ingest_api:L1 node http://localhost:8001 failed: All connection attempts failed
ERROR:ingest_api:L1 node http://localhost:8001 failed: All connection attempts failed
ERROR:ingest_api:L1 node http://localhost:8001 failed: All connection attempts failed
ERROR:ingest_api:L1 node http://localhost:8001 failed: All connection attempts failed
ERROR:ingest_api:L1 node http://localhost:8001 failed: All connection attempts failed
ERROR:ingest_api:L1 node http://localhost:8001 failed: All connection attempts failed
ERROR:ingest_api:L1 node http://localhost:8001 failed: All connection attempts failed
ERROR:ingest_api:L1 node http://localhost:8001 failed: All connection attempts failed
ERROR:ingest_api:L1 node http://localhost:8001 failed: All connection attempts failed
ERROR:ingest_api:L1 node http://localhost:8001 failed: All connection attempts failed
ERROR:ingest_api:L1 node http://localhost:8001 failed: All connection attempts failed
ERROR:ingest_api:L1 node http://localhost:8001 failed: All connection attempts failed
ERROR:ingest_api:L1 node http://localhost:8001 failed: All connection attempts failed
ERROR:ingest_api:L1 node http://localhost:8001 failed: All connection attempts failed
ERROR:ingest_api:L1 node http://localhost:8001 failed: All connection attempts failed
INFO:ingest_api:[6F9032E2] L1 detection: 0 results in 108ms
INFO:ingest_api:[6F9032E2] Verdict: 0 anomalous, 0 benign
INFO:shared.kafka_client:Sent to immunex_raw_alerts partition 0 offset 13
INFO:ingest_api:[6F9032E2] Complete: 237ms, 21089 logs/s
INFO:     127.0.0.1:32876 - "POST /ingest/batch HTTP/1.1" 200 OK
INFO:ingest_api:[1BFE60FD] Bulk ingest: 1000 logs
INFO:ingest_api:[1BFE60FD] Normalized 1000/1000 in 18ms (57074 logs/s)
INFO:ingest_api:[1BFE60FD] Dedup: removed 0, 1000 unique remaining
ERROR:ingest_api:L1 node http://localhost:8001 failed: All connection attempts failed
ERROR:ingest_api:L1 node http://localhost:8001 failed: All connection attempts failed
ERROR:ingest_api:L1 node http://localhost:8001 failed: All connection attempts failed
ERROR:ingest_api:L1 node http://localhost:8001 failed: All connection attempts failed
ERROR:ingest_api:L1 node http://localhost:8001 failed: All connection attempts failed
ERROR:ingest_api:L1 node http://localhost:8001 failed: All connection attempts failed
ERROR:ingest_api:L1 node http://localhost:8001 failed: All connection attempts failed
ERROR:ingest_api:L1 node http://localhost:8001 failed: All connection attempts failed
ERROR:ingest_api:L1 node http://localhost:8001 failed: All connection attempts failed
ERROR:ingest_api:L1 node http://localhost:8001 failed: All connection attempts failed
ERROR:ingest_api:L1 node http://localhost:8001 failed: All connection attempts failed
ERROR:ingest_api:L1 node http://localhost:8001 failed: All connection attempts failed
ERROR:ingest_api:L1 node http://localhost:8001 failed: All connection attempts failed
ERROR:ingest_api:L1 node http://localhost:8001 failed: All connection attempts failed
ERROR:ingest_api:L1 node http://localhost:8001 failed: All connection attempts failed
ERROR:ingest_api:L1 node http://localhost:8001 failed: All connection attempts failed
ERROR:ingest_api:L1 node http://localhost:8001 failed: All connection attempts failed
ERROR:ingest_api:L1 node http://localhost:8001 failed: All connection attempts failed
ERROR:ingest_api:L1 node http://localhost:8001 failed: All connection attempts failed
ERROR:ingest_api:L1 node http://localhost:8001 failed: All connection attempts failed
ERROR:ingest_api:L1 node http://localhost:8001 failed: All connection attempts failed
ERROR:ingest_api:L1 node http://localhost:8001 failed: All connection attempts failed
ERROR:ingest_api:L1 node http://localhost:8001 failed: All connection attempts failed
ERROR:ingest_api:L1 node http://localhost:8001 failed: All connection attempts failed
ERROR:ingest_api:L1 node http://localhost:8001 failed: All connection attempts failed
ERROR:ingest_api:L1 node http://localhost:8001 failed: All connection attempts failed
ERROR:ingest_api:L1 node http://localhost:8001 failed: All connection attempts failed
ERROR:ingest_api:L1 node http://localhost:8001 failed: All connection attempts failed
ERROR:ingest_api:L1 node http://localhost:8001 failed: All connection attempts failed
ERROR:ingest_api:L1 node http://localhost:8001 failed: All connection attempts failed
ERROR:ingest_api:L1 node http://localhost:8001 failed: All connection attempts failed
ERROR:ingest_api:L1 node http://localhost:8001 failed: All connection attempts failed
INFO:ingest_api:[1BFE60FD] L1 detection: 0 results in 17ms
INFO:ingest_api:[1BFE60FD] Verdict: 0 anomalous, 0 benign
INFO:shared.kafka_client:Sent to immunex_raw_alerts partition 0 offset 14
INFO:ingest_api:[1BFE60FD] Complete: 45ms, 22389 logs/s
INFO:     127.0.0.1:32892 - "POST /ingest/batch HTTP/1.1" 200 OK
INFO:ingest_api:[1BE72B61] Bulk ingest: 1000 logs
INFO:ingest_api:[1BE72B61] Normalized 1000/1000 in 17ms (57853 logs/s)
INFO:ingest_api:[1BE72B61] Dedup: removed 800, 200 unique remaining
ERROR:ingest_api:L1 node http://localhost:8001 failed: All connection attempts failed
ERROR:ingest_api:L1 node http://localhost:8001 failed: All connection attempts failed
ERROR:ingest_api:L1 node http://localhost:8001 failed: All connection attempts failed
ERROR:ingest_api:L1 node http://localhost:8001 failed: All connection attempts failed
ERROR:ingest_api:L1 node http://localhost:8001 failed: All connection attempts failed
ERROR:ingest_api:L1 node http://localhost:8001 failed: All connection attempts failed
ERROR:ingest_api:L1 node http://localhost:8001 failed: All connection attempts failed
INFO:ingest_api:[1BE72B61] L1 detection: 0 results in 6ms
INFO:ingest_api:[1BE72B61] Verdict: 0 anomalous, 0 benign
INFO:shared.kafka_client:Sent to immunex_raw_alerts partition 0 offset 15
INFO:ingest_api:[1BE72B61] Complete: 33ms, 30366 logs/s
INFO:     127.0.0.1:32908 - "POST /ingest/batch HTTP/1.1" 200 OK
INFO:ingest_api:[EC168043] Bulk ingest: 5000 logs
INFO:ingest_api:[EC168043] Normalized 5000/5000 in 86ms (57957 logs/s)
INFO:ingest_api:[EC168043] Dedup: removed 4000, 1000 unique remaining
ERROR:ingest_api:L1 node http://localhost:8001 failed: All connection attempts failed
ERROR:ingest_api:L1 node http://localhost:8001 failed: All connection attempts failed
ERROR:ingest_api:L1 node http://localhost:8001 failed: All connection attempts failed
ERROR:ingest_api:L1 node http://localhost:8001 failed: All connection attempts failed
ERROR:ingest_api:L1 node http://localhost:8001 failed: All connection attempts failed
ERROR:ingest_api:L1 node http://localhost:8001 failed: All connection attempts failed
ERROR:ingest_api:L1 node http://localhost:8001 failed: All connection attempts failed
ERROR:ingest_api:L1 node http://localhost:8001 failed: All connection attempts failed
ERROR:ingest_api:L1 node http://localhost:8001 failed: All connection attempts failed
ERROR:ingest_api:L1 node http://localhost:8001 failed: All connection attempts failed
ERROR:ingest_api:L1 node http://localhost:8001 failed: All connection attempts failed
ERROR:ingest_api:L1 node http://localhost:8001 failed: All connection attempts failed
ERROR:ingest_api:L1 node http://localhost:8001 failed: All connection attempts failed
ERROR:ingest_api:L1 node http://localhost:8001 failed: All connection attempts failed
ERROR:ingest_api:L1 node http://localhost:8001 failed: All connection attempts failed
ERROR:ingest_api:L1 node http://localhost:8001 failed: All connection attempts failed
ERROR:ingest_api:L1 node http://localhost:8001 failed: All connection attempts failed
ERROR:ingest_api:L1 node http://localhost:8001 failed: All connection attempts failed
ERROR:ingest_api:L1 node http://localhost:8001 failed: All connection attempts failed
ERROR:ingest_api:L1 node http://localhost:8001 failed: All connection attempts failed
ERROR:ingest_api:L1 node http://localhost:8001 failed: All connection attempts failed
ERROR:ingest_api:L1 node http://localhost:8001 failed: All connection attempts failed
ERROR:ingest_api:L1 node http://localhost:8001 failed: All connection attempts failed
ERROR:ingest_api:L1 node http://localhost:8001 failed: All connection attempts failed
ERROR:ingest_api:L1 node http://localhost:8001 failed: All connection attempts failed
ERROR:ingest_api:L1 node http://localhost:8001 failed: All connection attempts failed
ERROR:ingest_api:L1 node http://localhost:8001 failed: All connection attempts failed
ERROR:ingest_api:L1 node http://localhost:8001 failed: All connection attempts failed
ERROR:ingest_api:L1 node http://localhost:8001 failed: All connection attempts failed
ERROR:ingest_api:L1 node http://localhost:8001 failed: All connection attempts failed
ERROR:ingest_api:L1 node http://localhost:8001 failed: All connection attempts failed
ERROR:ingest_api:L1 node http://localhost:8001 failed: All connection attempts failed
INFO:ingest_api:[EC168043] L1 detection: 0 results in 17ms
INFO:ingest_api:[EC168043] Verdict: 0 anomalous, 0 benign
INFO:shared.kafka_client:Sent to immunex_raw_alerts partition 0 offset 16
INFO:ingest_api:[EC168043] Complete: 147ms, 34069 logs/s
INFO:     127.0.0.1:32912 - "POST /ingest/batch HTTP/1.1" 200 OK
INFO:ingest_api:[8C91478B] Bulk ingest: 10000 logs
INFO:ingest_api:[8C91478B] Normalized 10000/10000 in 205ms (48734 logs/s)
INFO:ingest_api:[8C91478B] Dedup: removed 8000, 2000 unique remaining
ERROR:ingest_api:L1 node http://localhost:8001 failed: All connection attempts failed
ERROR:ingest_api:L1 node http://localhost:8001 failed: All connection attempts failed
ERROR:ingest_api:L1 node http://localhost:8001 failed: All connection attempts failed
ERROR:ingest_api:L1 node http://localhost:8001 failed: All connection attempts failed
ERROR:ingest_api:L1 node http://localhost:8001 failed: All connection attempts failed
ERROR:ingest_api:L1 node http://localhost:8001 failed: All connection attempts failed
ERROR:ingest_api:L1 node http://localhost:8001 failed: All connection attempts failed
ERROR:ingest_api:L1 node http://localhost:8001 failed: All connection attempts failed
ERROR:ingest_api:L1 node http://localhost:8001 failed: All connection attempts failed
ERROR:ingest_api:L1 node http://localhost:8001 failed: All connection attempts failed
ERROR:ingest_api:L1 node http://localhost:8001 failed: All connection attempts failed
ERROR:ingest_api:L1 node http://localhost:8001 failed: All connection attempts failed
ERROR:ingest_api:L1 node http://localhost:8001 failed: All connection attempts failed
ERROR:ingest_api:L1 node http://localhost:8001 failed: All connection attempts failed
ERROR:ingest_api:L1 node http://localhost:8001 failed: All connection attempts failed
ERROR:ingest_api:L1 node http://localhost:8001 failed: All connection attempts failed
ERROR:ingest_api:L1 node http://localhost:8001 failed: All connection attempts failed
ERROR:ingest_api:L1 node http://localhost:8001 failed: All connection attempts failed
ERROR:ingest_api:L1 node http://localhost:8001 failed: All connection attempts failed
ERROR:ingest_api:L1 node http://localhost:8001 failed: All connection attempts failed
ERROR:ingest_api:L1 node http://localhost:8001 failed: All connection attempts failed
ERROR:ingest_api:L1 node http://localhost:8001 failed: All connection attempts failed
ERROR:ingest_api:L1 node http://localhost:8001 failed: All connection attempts failed
ERROR:ingest_api:L1 node http://localhost:8001 failed: All connection attempts failed
ERROR:ingest_api:L1 node http://localhost:8001 failed: All connection attempts failed
ERROR:ingest_api:L1 node http://localhost:8001 failed: All connection attempts failed
ERROR:ingest_api:L1 node http://localhost:8001 failed: All connection attempts failed
ERROR:ingest_api:L1 node http://localhost:8001 failed: All connection attempts failed
ERROR:ingest_api:L1 node http://localhost:8001 failed: All connection attempts failed
ERROR:ingest_api:L1 node http://localhost:8001 failed: All connection attempts failed
ERROR:ingest_api:L1 node http://localhost:8001 failed: All connection attempts failed
ERROR:ingest_api:L1 node http://localhost:8001 failed: All connection attempts failed
ERROR:ingest_api:L1 node http://localhost:8001 failed: All connection attempts failed
ERROR:ingest_api:L1 node http://localhost:8001 failed: All connection attempts failed
ERROR:ingest_api:L1 node http://localhost:8001 failed: All connection attempts failed
ERROR:ingest_api:L1 node http://localhost:8001 failed: All connection attempts failed
ERROR:ingest_api:L1 node http://localhost:8001 failed: All connection attempts failed
ERROR:ingest_api:L1 node http://localhost:8001 failed: All connection attempts failed
ERROR:ingest_api:L1 node http://localhost:8001 failed: All connection attempts failed
ERROR:ingest_api:L1 node http://localhost:8001 failed: All connection attempts failed
ERROR:ingest_api:L1 node http://localhost:8001 failed: All connection attempts failed
ERROR:ingest_api:L1 node http://localhost:8001 failed: All connection attempts failed
ERROR:ingest_api:L1 node http://localhost:8001 failed: All connection attempts failed
ERROR:ingest_api:L1 node http://localhost:8001 failed: All connection attempts failed
ERROR:ingest_api:L1 node http://localhost:8001 failed: All connection attempts failed
ERROR:ingest_api:L1 node http://localhost:8001 failed: All connection attempts failed
ERROR:ingest_api:L1 node http://localhost:8001 failed: All connection attempts failed
ERROR:ingest_api:L1 node http://localhost:8001 failed: All connection attempts failed
ERROR:ingest_api:L1 node http://localhost:8001 failed: All connection attempts failed
ERROR:ingest_api:L1 node http://localhost:8001 failed: All connection attempts failed
ERROR:ingest_api:L1 node http://localhost:8001 failed: All connection attempts failed
ERROR:ingest_api:L1 node http://localhost:8001 failed: All connection attempts failed
ERROR:ingest_api:L1 node http://localhost:8001 failed: All connection attempts failed
ERROR:ingest_api:L1 node http://localhost:8001 failed: All connection attempts failed
ERROR:ingest_api:L1 node http://localhost:8001 failed: All connection attempts failed
ERROR:ingest_api:L1 node http://localhost:8001 failed: All connection attempts failed
ERROR:ingest_api:L1 node http://localhost:8001 failed: All connection attempts failed
ERROR:ingest_api:L1 node http://localhost:8001 failed: All connection attempts failed
ERROR:ingest_api:L1 node http://localhost:8001 failed: All connection attempts failed
ERROR:ingest_api:L1 node http://localhost:8001 failed: All connection attempts failed
ERROR:ingest_api:L1 node http://localhost:8001 failed: All connection attempts failed
ERROR:ingest_api:L1 node http://localhost:8001 failed: All connection attempts failed
ERROR:ingest_api:L1 node http://localhost:8001 failed: All connection attempts failed
INFO:ingest_api:[8C91478B] L1 detection: 0 results in 35ms
INFO:ingest_api:[8C91478B] Verdict: 0 anomalous, 0 benign
INFO:shared.kafka_client:Sent to immunex_raw_alerts partition 0 offset 17
INFO:ingest_api:[8C91478B] Complete: 322ms, 31081 logs/s
INFO:     127.0.0.1:32928 - "POST /ingest/batch HTTP/1.1" 200 OK
INFO:ingest_api:[BE376AAF] Bulk ingest: 100 logs
INFO:ingest_api:[BE376AAF] Normalized 100/100 in 2ms (63523 logs/s)
INFO:ingest_api:[BE376AAF] Dedup: removed 0, 100 unique remaining
INFO:httpx:HTTP Request: POST http://localhost:8001/detect/batch "HTTP/1.1 200 OK"
INFO:httpx:HTTP Request: POST http://localhost:8001/detect/batch "HTTP/1.1 200 OK"
INFO:httpx:HTTP Request: POST http://localhost:8001/detect/batch "HTTP/1.1 200 OK"
INFO:httpx:HTTP Request: POST http://localhost:8001/detect/batch "HTTP/1.1 200 OK"
INFO:ingest_api:[BE376AAF] L1 detection: 100 results in 1186ms
INFO:ingest_api:[BE376AAF] Verdict: 100 anomalous, 0 benign
INFO:shared.kafka_client:Sent to immunex_raw_alerts partition 0 offset 18
INFO:ingest_api:[BE376AAF] Complete: 1192ms, 84 logs/s
INFO:     127.0.0.1:48466 - "POST /ingest/batch HTTP/1.1" 200 OK
INFO:httpx:HTTP Request: GET http://localhost:8001/health "HTTP/1.1 200 OK"
INFO:httpx:HTTP Request: GET http://localhost:8001/health "HTTP/1.1 200 OK"
INFO:httpx:HTTP Request: GET http://localhost:8001/health "HTTP/1.1 200 OK"
INFO:httpx:HTTP Request: GET http://localhost:8001/health "HTTP/1.1 200 OK"
INFO:httpx:HTTP Request: GET http://localhost:8001/health "HTTP/1.1 200 OK"
INFO:httpx:HTTP Request: GET http://localhost:8001/health "HTTP/1.1 200 OK"
INFO:httpx:HTTP Request: GET http://localhost:8001/health "HTTP/1.1 200 OK"
INFO:     Started server process [84573]
INFO:     Waiting for application startup.
INFO:kafka.conn:<BrokerConnection client_id=kafka-python-producer-1, node_id=bootstrap-0 host=localhost:9092 <connecting> [IPv6 ('::1', 9092, 0, 0)]>: connecting to localhost:9092 [('::1', 9092, 0, 0) IPv6]
INFO:kafka.conn:<BrokerConnection client_id=kafka-python-producer-1, node_id=bootstrap-0 host=localhost:9092 <checking_api_versions_recv> [IPv6 ('::1', 9092, 0, 0)]>: Broker version identified as 2.6
INFO:kafka.conn:<BrokerConnection client_id=kafka-python-producer-1, node_id=bootstrap-0 host=localhost:9092 <connected> [IPv6 ('::1', 9092, 0, 0)]>: Connection complete.
INFO:shared.kafka_client:Kafka producer connected
INFO:shared.redis_client:Redis connected
INFO:elastic_transport.transport:HEAD http://localhost:9200/immunex_alerts [status:200 duration:0.004s]
INFO:elastic_transport.transport:HEAD http://localhost:9200/immunex_incidents [status:200 duration:0.002s]
INFO:elastic_transport.transport:HEAD http://localhost:9200/immunex_playbooks [status:200 duration:0.002s]
INFO:shared.es_client:Elasticsearch connected
INFO:orchestrator:Orchestrator started
INFO:ingest_api:Ingest API initialized: 14 CPU workers, 8 GPU slots, 20 pipeline slots
INFO:orchestrator:Layer primary URLs: {1: 'http://localhost:8001', 2: 'http://10.0.0.2:8002', 3: 'http://10.0.0.3:8003', 4: 'http://10.0.0.4:8004', 5: 'http://10.0.0.5:8005'}
INFO:     Application startup complete.
INFO:     Uvicorn running on http://0.0.0.0:8000 (Press CTRL+C to quit)
INFO:httpx:HTTP Request: GET http://localhost:8001/health "HTTP/1.1 200 OK"
INFO:ingest_api:[B93736AA] Bulk ingest: 10 logs
INFO:ingest_api:[B93736AA] Normalized 10/10 in 0ms (10000 logs/s)
INFO:ingest_api:[B93736AA] Dedup: removed 0, 10 unique remaining
INFO:httpx:HTTP Request: POST http://localhost:8001/detect/batch "HTTP/1.1 200 OK"
INFO:ingest_api:[B93736AA] L1 detection: 10 results in 161ms
INFO:ingest_api:[B93736AA] Verdict: 10 anomalous, 0 benign
INFO:kafka.conn:<BrokerConnection client_id=kafka-python-producer-1, node_id=1 host=localhost:9092 <connecting> [IPv6 ('::1', 9092, 0, 0)]>: connecting to localhost:9092 [('::1', 9092, 0, 0) IPv6]
INFO:kafka.conn:<BrokerConnection client_id=kafka-python-producer-1, node_id=1 host=localhost:9092 <connected> [IPv6 ('::1', 9092, 0, 0)]>: Connection complete.
INFO:kafka.conn:<BrokerConnection client_id=kafka-python-producer-1, node_id=bootstrap-0 host=localhost:9092 <connected> [IPv6 ('::1', 9092, 0, 0)]>: Closing connection. 
INFO:shared.kafka_client:Sent to immunex_raw_alerts partition 0 offset 19
INFO:ingest_api:[B93736AA] Complete: 168ms, 59 logs/s
INFO:     127.0.0.1:32928 - "POST /ingest/batch HTTP/1.1" 200 OK
INFO:ingest_api:[7B03A8FF] Bulk ingest: 100 logs
INFO:ingest_api:[7B03A8FF] Normalized 100/100 in 2ms (55267 logs/s)
INFO:ingest_api:[7B03A8FF] Dedup: removed 0, 100 unique remaining
INFO:httpx:HTTP Request: POST http://localhost:8001/detect/batch "HTTP/1.1 200 OK"
INFO:httpx:HTTP Request: POST http://localhost:8001/detect/batch "HTTP/1.1 200 OK"
INFO:httpx:HTTP Request: POST http://localhost:8001/detect/batch "HTTP/1.1 200 OK"
INFO:httpx:HTTP Request: POST http://localhost:8001/detect/batch "HTTP/1.1 200 OK"
INFO:ingest_api:[7B03A8FF] L1 detection: 100 results in 1148ms
INFO:ingest_api:[7B03A8FF] Verdict: 100 anomalous, 0 benign
INFO:shared.kafka_client:Sent to immunex_raw_alerts partition 0 offset 20
INFO:ingest_api:[7B03A8FF] Complete: 1153ms, 87 logs/s
INFO:     127.0.0.1:32944 - "POST /ingest/batch HTTP/1.1" 200 OK
INFO:ingest_api:[CD6DF2A7] Bulk ingest: 500 logs
INFO:ingest_api:[CD6DF2A7] Normalized 500/500 in 12ms (42841 logs/s)
INFO:ingest_api:[CD6DF2A7] Dedup: removed 0, 500 unique remaining
INFO:httpx:HTTP Request: POST http://localhost:8001/detect/batch "HTTP/1.1 200 OK"
INFO:httpx:HTTP Request: POST http://localhost:8001/detect/batch "HTTP/1.1 200 OK"
INFO:httpx:HTTP Request: POST http://localhost:8001/detect/batch "HTTP/1.1 200 OK"
INFO:httpx:HTTP Request: POST http://localhost:8001/detect/batch "HTTP/1.1 200 OK"
INFO:httpx:HTTP Request: POST http://localhost:8001/detect/batch "HTTP/1.1 200 OK"
INFO:httpx:HTTP Request: POST http://localhost:8001/detect/batch "HTTP/1.1 200 OK"
INFO:httpx:HTTP Request: POST http://localhost:8001/detect/batch "HTTP/1.1 200 OK"
INFO:httpx:HTTP Request: POST http://localhost:8001/detect/batch "HTTP/1.1 200 OK"
INFO:httpx:HTTP Request: POST http://localhost:8001/detect/batch "HTTP/1.1 200 OK"
INFO:httpx:HTTP Request: POST http://localhost:8001/detect/batch "HTTP/1.1 200 OK"
INFO:httpx:HTTP Request: POST http://localhost:8001/detect/batch "HTTP/1.1 200 OK"
INFO:httpx:HTTP Request: POST http://localhost:8001/detect/batch "HTTP/1.1 200 OK"
INFO:httpx:HTTP Request: POST http://localhost:8001/detect/batch "HTTP/1.1 200 OK"
INFO:httpx:HTTP Request: POST http://localhost:8001/detect/batch "HTTP/1.1 200 OK"
INFO:httpx:HTTP Request: POST http://localhost:8001/detect/batch "HTTP/1.1 200 OK"
INFO:httpx:HTTP Request: POST http://localhost:8001/detect/batch "HTTP/1.1 200 OK"
INFO:ingest_api:[CD6DF2A7] L1 detection: 500 results in 5678ms
INFO:ingest_api:[CD6DF2A7] Verdict: 500 anomalous, 0 benign
INFO:shared.kafka_client:Sent to immunex_raw_alerts partition 0 offset 21
INFO:ingest_api:[CD6DF2A7] Complete: 5700ms, 88 logs/s
INFO:     127.0.0.1:32954 - "POST /ingest/batch HTTP/1.1" 200 OK
INFO:ingest_api:[8FBCE9FE] Bulk ingest: 1000 logs
INFO:ingest_api:[8FBCE9FE] Normalized 1000/1000 in 17ms (59375 logs/s)
INFO:ingest_api:[8FBCE9FE] Dedup: removed 0, 1000 unique remaining
ERROR:ingest_api:L1 node http://localhost:8001 failed: Server disconnected without sending a response.
ERROR:ingest_api:L1 node http://localhost:8001 failed: Server disconnected without sending a response.
ERROR:ingest_api:L1 node http://localhost:8001 failed: Server disconnected without sending a response.
ERROR:ingest_api:L1 node http://localhost:8001 failed: Server disconnected without sending a response.
ERROR:ingest_api:L1 node http://localhost:8001 failed: Server disconnected without sending a response.
ERROR:ingest_api:L1 node http://localhost:8001 failed: Server disconnected without sending a response.
ERROR:ingest_api:L1 node http://localhost:8001 failed: Server disconnected without sending a response.
ERROR:ingest_api:L1 node http://localhost:8001 failed: Server disconnected without sending a response.
ERROR:ingest_api:L1 node http://localhost:8001 failed: Server disconnected without sending a response.
ERROR:ingest_api:L1 node http://localhost:8001 failed: Server disconnected without sending a response.
ERROR:ingest_api:L1 node http://localhost:8001 failed: Server disconnected without sending a response.
ERROR:ingest_api:L1 node http://localhost:8001 failed: Server disconnected without sending a response.
ERROR:ingest_api:L1 node http://localhost:8001 failed: Server disconnected without sending a response.
ERROR:ingest_api:L1 node http://localhost:8001 failed: Server disconnected without sending a response.
ERROR:ingest_api:L1 node http://localhost:8001 failed: Server disconnected without sending a response.
ERROR:ingest_api:L1 node http://localhost:8001 failed: Server disconnected without sending a response.
ERROR:ingest_api:L1 node http://localhost:8001 failed: Server disconnected without sending a response.
ERROR:ingest_api:L1 node http://localhost:8001 failed: Server disconnected without sending a response.
ERROR:ingest_api:L1 node http://localhost:8001 failed: Server disconnected without sending a response.
ERROR:ingest_api:L1 node http://localhost:8001 failed: Server disconnected without sending a response.
ERROR:ingest_api:L1 node http://localhost:8001 failed: Server disconnected without sending a response.
ERROR:ingest_api:L1 node http://localhost:8001 failed: Server disconnected without sending a response.
ERROR:ingest_api:L1 node http://localhost:8001 failed: Server disconnected without sending a response.
ERROR:ingest_api:L1 node http://localhost:8001 failed: Server disconnected without sending a response.
ERROR:ingest_api:L1 node http://localhost:8001 failed: Server disconnected without sending a response.
ERROR:ingest_api:L1 node http://localhost:8001 failed: Server disconnected without sending a response.
ERROR:ingest_api:L1 node http://localhost:8001 failed: Server disconnected without sending a response.
ERROR:ingest_api:L1 node http://localhost:8001 failed: Server disconnected without sending a response.
ERROR:ingest_api:L1 node http://localhost:8001 failed: Server disconnected without sending a response.
ERROR:ingest_api:L1 node http://localhost:8001 failed: Server disconnected without sending a response.
ERROR:ingest_api:L1 node http://localhost:8001 failed: Server disconnected without sending a response.
ERROR:ingest_api:L1 node http://localhost:8001 failed: Server disconnected without sending a response.
INFO:ingest_api:[8FBCE9FE] L1 detection: 0 results in 7714ms
INFO:ingest_api:[8FBCE9FE] Verdict: 0 anomalous, 0 benign
INFO:shared.kafka_client:Sent to immunex_raw_alerts partition 0 offset 22
INFO:ingest_api:[8FBCE9FE] Complete: 7741ms, 129 logs/s
INFO:     127.0.0.1:32958 - "POST /ingest/batch HTTP/1.1" 200 OK
INFO:ingest_api:[8484772E] Bulk ingest: 5000 logs
INFO:ingest_api:[8484772E] Normalized 5000/5000 in 86ms (58187 logs/s)
INFO:ingest_api:[8484772E] Dedup: removed 0, 5000 unique remaining
ERROR:ingest_api:L1 node http://localhost:8001 failed: All connection attempts failed
ERROR:ingest_api:L1 node http://localhost:8001 failed: All connection attempts failed
ERROR:ingest_api:L1 node http://localhost:8001 failed: All connection attempts failed
ERROR:ingest_api:L1 node http://localhost:8001 failed: All connection attempts failed
ERROR:ingest_api:L1 node http://localhost:8001 failed: All connection attempts failed
ERROR:ingest_api:L1 node http://localhost:8001 failed: All connection attempts failed
ERROR:ingest_api:L1 node http://localhost:8001 failed: All connection attempts failed
ERROR:ingest_api:L1 node http://localhost:8001 failed: All connection attempts failed
ERROR:ingest_api:L1 node http://localhost:8001 failed: All connection attempts failed
ERROR:ingest_api:L1 node http://localhost:8001 failed: All connection attempts failed
ERROR:ingest_api:L1 node http://localhost:8001 failed: All connection attempts failed
ERROR:ingest_api:L1 node http://localhost:8001 failed: All connection attempts failed
ERROR:ingest_api:L1 node http://localhost:8001 failed: All connection attempts failed
ERROR:ingest_api:L1 node http://localhost:8001 failed: All connection attempts failed
ERROR:ingest_api:L1 node http://localhost:8001 failed: All connection attempts failed
ERROR:ingest_api:L1 node http://localhost:8001 failed: All connection attempts failed
ERROR:ingest_api:L1 node http://localhost:8001 failed: All connection attempts failed
ERROR:ingest_api:L1 node http://localhost:8001 failed: All connection attempts failed
ERROR:ingest_api:L1 node http://localhost:8001 failed: All connection attempts failed
ERROR:ingest_api:L1 node http://localhost:8001 failed: All connection attempts failed
ERROR:ingest_api:L1 node http://localhost:8001 failed: All connection attempts failed
ERROR:ingest_api:L1 node http://localhost:8001 failed: All connection attempts failed
ERROR:ingest_api:L1 node http://localhost:8001 failed: All connection attempts failed
ERROR:ingest_api:L1 node http://localhost:8001 failed: All connection attempts failed
ERROR:ingest_api:L1 node http://localhost:8001 failed: All connection attempts failed
ERROR:ingest_api:L1 node http://localhost:8001 failed: All connection attempts failed
ERROR:ingest_api:L1 node http://localhost:8001 failed: All connection attempts failed
ERROR:ingest_api:L1 node http://localhost:8001 failed: All connection attempts failed
ERROR:ingest_api:L1 node http://localhost:8001 failed: All connection attempts failed
ERROR:ingest_api:L1 node http://localhost:8001 failed: All connection attempts failed
ERROR:ingest_api:L1 node http://localhost:8001 failed: All connection attempts failed
ERROR:ingest_api:L1 node http://localhost:8001 failed: All connection attempts failed
ERROR:ingest_api:L1 node http://localhost:8001 failed: All connection attempts failed
ERROR:ingest_api:L1 node http://localhost:8001 failed: All connection attempts failed
ERROR:ingest_api:L1 node http://localhost:8001 failed: All connection attempts failed
ERROR:ingest_api:L1 node http://localhost:8001 failed: All connection attempts failed
ERROR:ingest_api:L1 node http://localhost:8001 failed: All connection attempts failed
ERROR:ingest_api:L1 node http://localhost:8001 failed: All connection attempts failed
ERROR:ingest_api:L1 node http://localhost:8001 failed: All connection attempts failed
ERROR:ingest_api:L1 node http://localhost:8001 failed: All connection attempts failed
ERROR:ingest_api:L1 node http://localhost:8001 failed: All connection attempts failed
ERROR:ingest_api:L1 node http://localhost:8001 failed: All connection attempts failed
ERROR:ingest_api:L1 node http://localhost:8001 failed: All connection attempts failed
ERROR:ingest_api:L1 node http://localhost:8001 failed: All connection attempts failed
ERROR:ingest_api:L1 node http://localhost:8001 failed: All connection attempts failed
ERROR:ingest_api:L1 node http://localhost:8001 failed: All connection attempts failed
ERROR:ingest_api:L1 node http://localhost:8001 failed: All connection attempts failed
ERROR:ingest_api:L1 node http://localhost:8001 failed: All connection attempts failed
ERROR:ingest_api:L1 node http://localhost:8001 failed: All connection attempts failed
ERROR:ingest_api:L1 node http://localhost:8001 failed: All connection attempts failed
ERROR:ingest_api:L1 node http://localhost:8001 failed: All connection attempts failed
ERROR:ingest_api:L1 node http://localhost:8001 failed: All connection attempts failed
ERROR:ingest_api:L1 node http://localhost:8001 failed: All connection attempts failed
ERROR:ingest_api:L1 node http://localhost:8001 failed: All connection attempts failed
ERROR:ingest_api:L1 node http://localhost:8001 failed: All connection attempts failed
ERROR:ingest_api:L1 node http://localhost:8001 failed: All connection attempts failed
ERROR:ingest_api:L1 node http://localhost:8001 failed: All connection attempts failed
ERROR:ingest_api:L1 node http://localhost:8001 failed: All connection attempts failed
ERROR:ingest_api:L1 node http://localhost:8001 failed: All connection attempts failed
ERROR:ingest_api:L1 node http://localhost:8001 failed: All connection attempts failed
ERROR:ingest_api:L1 node http://localhost:8001 failed: All connection attempts failed
ERROR:ingest_api:L1 node http://localhost:8001 failed: All connection attempts failed
ERROR:ingest_api:L1 node http://localhost:8001 failed: All connection attempts failed
ERROR:ingest_api:L1 node http://localhost:8001 failed: All connection attempts failed
ERROR:ingest_api:L1 node http://localhost:8001 failed: All connection attempts failed
ERROR:ingest_api:L1 node http://localhost:8001 failed: All connection attempts failed
ERROR:ingest_api:L1 node http://localhost:8001 failed: All connection attempts failed
ERROR:ingest_api:L1 node http://localhost:8001 failed: All connection attempts failed
ERROR:ingest_api:L1 node http://localhost:8001 failed: All connection attempts failed
ERROR:ingest_api:L1 node http://localhost:8001 failed: All connection attempts failed
ERROR:ingest_api:L1 node http://localhost:8001 failed: All connection attempts failed
ERROR:ingest_api:L1 node http://localhost:8001 failed: All connection attempts failed
ERROR:ingest_api:L1 node http://localhost:8001 failed: All connection attempts failed
ERROR:ingest_api:L1 node http://localhost:8001 failed: All connection attempts failed
ERROR:ingest_api:L1 node http://localhost:8001 failed: All connection attempts failed
ERROR:ingest_api:L1 node http://localhost:8001 failed: All connection attempts failed
ERROR:ingest_api:L1 node http://localhost:8001 failed: All connection attempts failed
ERROR:ingest_api:L1 node http://localhost:8001 failed: All connection attempts failed
ERROR:ingest_api:L1 node http://localhost:8001 failed: All connection attempts failed
ERROR:ingest_api:L1 node http://localhost:8001 failed: All connection attempts failed
ERROR:ingest_api:L1 node http://localhost:8001 failed: All connection attempts failed
ERROR:ingest_api:L1 node http://localhost:8001 failed: All connection attempts failed
ERROR:ingest_api:L1 node http://localhost:8001 failed: All connection attempts failed
ERROR:ingest_api:L1 node http://localhost:8001 failed: All connection attempts failed
ERROR:ingest_api:L1 node http://localhost:8001 failed: All connection attempts failed
ERROR:ingest_api:L1 node http://localhost:8001 failed: All connection attempts failed
ERROR:ingest_api:L1 node http://localhost:8001 failed: All connection attempts failed
ERROR:ingest_api:L1 node http://localhost:8001 failed: All connection attempts failed
ERROR:ingest_api:L1 node http://localhost:8001 failed: All connection attempts failed
ERROR:ingest_api:L1 node http://localhost:8001 failed: All connection attempts failed
ERROR:ingest_api:L1 node http://localhost:8001 failed: All connection attempts failed
ERROR:ingest_api:L1 node http://localhost:8001 failed: All connection attempts failed
ERROR:ingest_api:L1 node http://localhost:8001 failed: All connection attempts failed
ERROR:ingest_api:L1 node http://localhost:8001 failed: All connection attempts failed
ERROR:ingest_api:L1 node http://localhost:8001 failed: All connection attempts failed
ERROR:ingest_api:L1 node http://localhost:8001 failed: All connection attempts failed
ERROR:ingest_api:L1 node http://localhost:8001 failed: All connection attempts failed
ERROR:ingest_api:L1 node http://localhost:8001 failed: All connection attempts failed
ERROR:ingest_api:L1 node http://localhost:8001 failed: All connection attempts failed
ERROR:ingest_api:L1 node http://localhost:8001 failed: All connection attempts failed
ERROR:ingest_api:L1 node http://localhost:8001 failed: All connection attempts failed
ERROR:ingest_api:L1 node http://localhost:8001 failed: All connection attempts failed
ERROR:ingest_api:L1 node http://localhost:8001 failed: All connection attempts failed
ERROR:ingest_api:L1 node http://localhost:8001 failed: All connection attempts failed
ERROR:ingest_api:L1 node http://localhost:8001 failed: All connection attempts failed
ERROR:ingest_api:L1 node http://localhost:8001 failed: All connection attempts failed
ERROR:ingest_api:L1 node http://localhost:8001 failed: All connection attempts failed
ERROR:ingest_api:L1 node http://localhost:8001 failed: All connection attempts failed
ERROR:ingest_api:L1 node http://localhost:8001 failed: All connection attempts failed
ERROR:ingest_api:L1 node http://localhost:8001 failed: All connection attempts failed
ERROR:ingest_api:L1 node http://localhost:8001 failed: All connection attempts failed
ERROR:ingest_api:L1 node http://localhost:8001 failed: All connection attempts failed
ERROR:ingest_api:L1 node http://localhost:8001 failed: All connection attempts failed
ERROR:ingest_api:L1 node http://localhost:8001 failed: All connection attempts failed
ERROR:ingest_api:L1 node http://localhost:8001 failed: All connection attempts failed
ERROR:ingest_api:L1 node http://localhost:8001 failed: All connection attempts failed
ERROR:ingest_api:L1 node http://localhost:8001 failed: All connection attempts failed
ERROR:ingest_api:L1 node http://localhost:8001 failed: All connection attempts failed
ERROR:ingest_api:L1 node http://localhost:8001 failed: All connection attempts failed
ERROR:ingest_api:L1 node http://localhost:8001 failed: All connection attempts failed
ERROR:ingest_api:L1 node http://localhost:8001 failed: All connection attempts failed
ERROR:ingest_api:L1 node http://localhost:8001 failed: All connection attempts failed
ERROR:ingest_api:L1 node http://localhost:8001 failed: All connection attempts failed
ERROR:ingest_api:L1 node http://localhost:8001 failed: All connection attempts failed
ERROR:ingest_api:L1 node http://localhost:8001 failed: All connection attempts failed
ERROR:ingest_api:L1 node http://localhost:8001 failed: All connection attempts failed
ERROR:ingest_api:L1 node http://localhost:8001 failed: All connection attempts failed
ERROR:ingest_api:L1 node http://localhost:8001 failed: All connection attempts failed
ERROR:ingest_api:L1 node http://localhost:8001 failed: All connection attempts failed
ERROR:ingest_api:L1 node http://localhost:8001 failed: All connection attempts failed
ERROR:ingest_api:L1 node http://localhost:8001 failed: All connection attempts failed
ERROR:ingest_api:L1 node http://localhost:8001 failed: All connection attempts failed
ERROR:ingest_api:L1 node http://localhost:8001 failed: All connection attempts failed
ERROR:ingest_api:L1 node http://localhost:8001 failed: All connection attempts failed
ERROR:ingest_api:L1 node http://localhost:8001 failed: All connection attempts failed
ERROR:ingest_api:L1 node http://localhost:8001 failed: All connection attempts failed
ERROR:ingest_api:L1 node http://localhost:8001 failed: All connection attempts failed
ERROR:ingest_api:L1 node http://localhost:8001 failed: All connection attempts failed
ERROR:ingest_api:L1 node http://localhost:8001 failed: All connection attempts failed
ERROR:ingest_api:L1 node http://localhost:8001 failed: All connection attempts failed
ERROR:ingest_api:L1 node http://localhost:8001 failed: All connection attempts failed
ERROR:ingest_api:L1 node http://localhost:8001 failed: All connection attempts failed
ERROR:ingest_api:L1 node http://localhost:8001 failed: All connection attempts failed
ERROR:ingest_api:L1 node http://localhost:8001 failed: All connection attempts failed
ERROR:ingest_api:L1 node http://localhost:8001 failed: All connection attempts failed
ERROR:ingest_api:L1 node http://localhost:8001 failed: All connection attempts failed
ERROR:ingest_api:L1 node http://localhost:8001 failed: All connection attempts failed
ERROR:ingest_api:L1 node http://localhost:8001 failed: All connection attempts failed
ERROR:ingest_api:L1 node http://localhost:8001 failed: All connection attempts failed
ERROR:ingest_api:L1 node http://localhost:8001 failed: All connection attempts failed
ERROR:ingest_api:L1 node http://localhost:8001 failed: All connection attempts failed
ERROR:ingest_api:L1 node http://localhost:8001 failed: All connection attempts failed
ERROR:ingest_api:L1 node http://localhost:8001 failed: All connection attempts failed
ERROR:ingest_api:L1 node http://localhost:8001 failed: All connection attempts failed
ERROR:ingest_api:L1 node http://localhost:8001 failed: All connection attempts failed
ERROR:ingest_api:L1 node http://localhost:8001 failed: All connection attempts failed
ERROR:ingest_api:L1 node http://localhost:8001 failed: All connection attempts failed
INFO:ingest_api:[8484772E] L1 detection: 0 results in 114ms
INFO:ingest_api:[8484772E] Verdict: 0 anomalous, 0 benign
INFO:shared.kafka_client:Sent to immunex_raw_alerts partition 0 offset 23
INFO:ingest_api:[8484772E] Complete: 244ms, 20534 logs/s
INFO:     127.0.0.1:42944 - "POST /ingest/batch HTTP/1.1" 200 OK
INFO:httpx:HTTP Request: GET http://localhost:8001/health "HTTP/1.1 200 OK"
INFO:ingest_api:[26FA82CE] Bulk ingest: 10 logs
INFO:ingest_api:[26FA82CE] Normalized 10/10 in 0ms (10000 logs/s)
INFO:ingest_api:[26FA82CE] Dedup: removed 0, 10 unique remaining
INFO:httpx:HTTP Request: POST http://localhost:8001/detect/batch "HTTP/1.1 200 OK"
INFO:ingest_api:[26FA82CE] L1 detection: 10 results in 248ms
INFO:ingest_api:[26FA82CE] Verdict: 10 anomalous, 0 benign
INFO:shared.kafka_client:Sent to immunex_raw_alerts partition 0 offset 24
INFO:ingest_api:[26FA82CE] Complete: 253ms, 40 logs/s
INFO:     127.0.0.1:45616 - "POST /ingest/batch HTTP/1.1" 200 OK
INFO:ingest_api:[49B37F48] Bulk ingest: 100 logs
INFO:ingest_api:[49B37F48] Normalized 100/100 in 2ms (50433 logs/s)
INFO:ingest_api:[49B37F48] Dedup: removed 0, 100 unique remaining
INFO:httpx:HTTP Request: POST http://localhost:8001/detect/batch "HTTP/1.1 200 OK"
INFO:httpx:HTTP Request: POST http://localhost:8001/detect/batch "HTTP/1.1 200 OK"
INFO:httpx:HTTP Request: POST http://localhost:8001/detect/batch "HTTP/1.1 200 OK"
INFO:httpx:HTTP Request: POST http://localhost:8001/detect/batch "HTTP/1.1 200 OK"
INFO:ingest_api:[49B37F48] L1 detection: 100 results in 1188ms
INFO:ingest_api:[49B37F48] Verdict: 100 anomalous, 0 benign
INFO:shared.kafka_client:Sent to immunex_raw_alerts partition 0 offset 25
INFO:ingest_api:[49B37F48] Complete: 1194ms, 84 logs/s
INFO:     127.0.0.1:45630 - "POST /ingest/batch HTTP/1.1" 200 OK
INFO:ingest_api:[7FEB1128] Bulk ingest: 500 logs
INFO:ingest_api:[7FEB1128] Normalized 500/500 in 9ms (55708 logs/s)
INFO:ingest_api:[7FEB1128] Dedup: removed 0, 500 unique remaining
INFO:httpx:HTTP Request: POST http://localhost:8001/detect/batch "HTTP/1.1 200 OK"
INFO:httpx:HTTP Request: POST http://localhost:8001/detect/batch "HTTP/1.1 200 OK"
INFO:httpx:HTTP Request: POST http://localhost:8001/detect/batch "HTTP/1.1 200 OK"
INFO:httpx:HTTP Request: POST http://localhost:8001/detect/batch "HTTP/1.1 200 OK"
INFO:httpx:HTTP Request: POST http://localhost:8001/detect/batch "HTTP/1.1 200 OK"
INFO:httpx:HTTP Request: POST http://localhost:8001/detect/batch "HTTP/1.1 200 OK"
INFO:httpx:HTTP Request: POST http://localhost:8001/detect/batch "HTTP/1.1 200 OK"
INFO:httpx:HTTP Request: POST http://localhost:8001/detect/batch "HTTP/1.1 200 OK"
INFO:httpx:HTTP Request: POST http://localhost:8001/detect/batch "HTTP/1.1 200 OK"
INFO:httpx:HTTP Request: POST http://localhost:8001/detect/batch "HTTP/1.1 200 OK"
INFO:httpx:HTTP Request: POST http://localhost:8001/detect/batch "HTTP/1.1 200 OK"
INFO:httpx:HTTP Request: POST http://localhost:8001/detect/batch "HTTP/1.1 200 OK"
INFO:httpx:HTTP Request: POST http://localhost:8001/detect/batch "HTTP/1.1 200 OK"
INFO:httpx:HTTP Request: POST http://localhost:8001/detect/batch "HTTP/1.1 200 OK"
INFO:httpx:HTTP Request: POST http://localhost:8001/detect/batch "HTTP/1.1 200 OK"
INFO:httpx:HTTP Request: POST http://localhost:8001/detect/batch "HTTP/1.1 200 OK"
INFO:ingest_api:[7FEB1128] L1 detection: 500 results in 5649ms
INFO:ingest_api:[7FEB1128] Verdict: 500 anomalous, 0 benign
INFO:shared.kafka_client:Sent to immunex_raw_alerts partition 0 offset 26
INFO:ingest_api:[7FEB1128] Complete: 5666ms, 88 logs/s
INFO:     127.0.0.1:33442 - "POST /ingest/batch HTTP/1.1" 200 OK
INFO:ingest_api:[1B0B1266] Bulk ingest: 1000 logs
INFO:ingest_api:[1B0B1266] Normalized 1000/1000 in 19ms (52040 logs/s)
INFO:ingest_api:[1B0B1266] Dedup: removed 0, 1000 unique remaining
INFO:httpx:HTTP Request: GET http://localhost:8001/health "HTTP/1.1 200 OK"
INFO:httpx:HTTP Request: POST http://localhost:8001/detect/batch "HTTP/1.1 200 OK"
INFO:httpx:HTTP Request: POST http://localhost:8001/detect/batch "HTTP/1.1 200 OK"
INFO:httpx:HTTP Request: POST http://localhost:8001/detect/batch "HTTP/1.1 200 OK"
INFO:httpx:HTTP Request: POST http://localhost:8001/detect/batch "HTTP/1.1 200 OK"
INFO:httpx:HTTP Request: POST http://localhost:8001/detect/batch "HTTP/1.1 200 OK"
INFO:httpx:HTTP Request: POST http://localhost:8001/detect/batch "HTTP/1.1 200 OK"
INFO:httpx:HTTP Request: POST http://localhost:8001/detect/batch "HTTP/1.1 200 OK"
INFO:httpx:HTTP Request: POST http://localhost:8001/detect/batch "HTTP/1.1 200 OK"
INFO:httpx:HTTP Request: POST http://localhost:8001/detect/batch "HTTP/1.1 200 OK"
INFO:httpx:HTTP Request: POST http://localhost:8001/detect/batch "HTTP/1.1 200 OK"
INFO:httpx:HTTP Request: POST http://localhost:8001/detect/batch "HTTP/1.1 200 OK"
INFO:httpx:HTTP Request: POST http://localhost:8001/detect/batch "HTTP/1.1 200 OK"
INFO:httpx:HTTP Request: POST http://localhost:8001/detect/batch "HTTP/1.1 200 OK"
INFO:httpx:HTTP Request: POST http://localhost:8001/detect/batch "HTTP/1.1 200 OK"
INFO:httpx:HTTP Request: POST http://localhost:8001/detect/batch "HTTP/1.1 200 OK"
INFO:httpx:HTTP Request: POST http://localhost:8001/detect/batch "HTTP/1.1 200 OK"
INFO:httpx:HTTP Request: POST http://localhost:8001/detect/batch "HTTP/1.1 200 OK"
INFO:httpx:HTTP Request: POST http://localhost:8001/detect/batch "HTTP/1.1 200 OK"
INFO:httpx:HTTP Request: POST http://localhost:8001/detect/batch "HTTP/1.1 200 OK"
INFO:httpx:HTTP Request: POST http://localhost:8001/detect/batch "HTTP/1.1 200 OK"
INFO:httpx:HTTP Request: POST http://localhost:8001/detect/batch "HTTP/1.1 200 OK"
INFO:httpx:HTTP Request: POST http://localhost:8001/detect/batch "HTTP/1.1 200 OK"
INFO:httpx:HTTP Request: POST http://localhost:8001/detect/batch "HTTP/1.1 200 OK"
INFO:httpx:HTTP Request: POST http://localhost:8001/detect/batch "HTTP/1.1 200 OK"
INFO:httpx:HTTP Request: POST http://localhost:8001/detect/batch "HTTP/1.1 200 OK"
INFO:httpx:HTTP Request: POST http://localhost:8001/detect/batch "HTTP/1.1 200 OK"
INFO:httpx:HTTP Request: POST http://localhost:8001/detect/batch "HTTP/1.1 200 OK"
INFO:httpx:HTTP Request: POST http://localhost:8001/detect/batch "HTTP/1.1 200 OK"
INFO:httpx:HTTP Request: POST http://localhost:8001/detect/batch "HTTP/1.1 200 OK"
INFO:httpx:HTTP Request: POST http://localhost:8001/detect/batch "HTTP/1.1 200 OK"
INFO:httpx:HTTP Request: POST http://localhost:8001/detect/batch "HTTP/1.1 200 OK"
INFO:httpx:HTTP Request: POST http://localhost:8001/detect/batch "HTTP/1.1 200 OK"
INFO:ingest_api:[1B0B1266] L1 detection: 1000 results in 11505ms
INFO:ingest_api:[1B0B1266] Verdict: 1000 anomalous, 0 benign
INFO:shared.kafka_client:Sent to immunex_raw_alerts partition 0 offset 27
INFO:ingest_api:[1B0B1266] Complete: 11535ms, 87 logs/s
INFO:     127.0.0.1:33444 - "POST /ingest/batch HTTP/1.1" 200 OK
INFO:ingest_api:[B9671DBA] Bulk ingest: 5000 logs
INFO:ingest_api:[B9671DBA] Normalized 5000/5000 in 87ms (57324 logs/s)
INFO:ingest_api:[B9671DBA] Dedup: removed 0, 5000 unique remaining
INFO:httpx:HTTP Request: POST http://localhost:8001/detect/batch "HTTP/1.1 200 OK"
INFO:httpx:HTTP Request: POST http://localhost:8001/detect/batch "HTTP/1.1 200 OK"
INFO:httpx:HTTP Request: POST http://localhost:8001/detect/batch "HTTP/1.1 200 OK"
INFO:httpx:HTTP Request: POST http://localhost:8001/detect/batch "HTTP/1.1 200 OK"
INFO:httpx:HTTP Request: POST http://localhost:8001/detect/batch "HTTP/1.1 200 OK"
INFO:httpx:HTTP Request: POST http://localhost:8001/detect/batch "HTTP/1.1 200 OK"
INFO:httpx:HTTP Request: POST http://localhost:8001/detect/batch "HTTP/1.1 200 OK"
INFO:httpx:HTTP Request: POST http://localhost:8001/detect/batch "HTTP/1.1 200 OK"
INFO:httpx:HTTP Request: POST http://localhost:8001/detect/batch "HTTP/1.1 200 OK"
INFO:httpx:HTTP Request: POST http://localhost:8001/detect/batch "HTTP/1.1 200 OK"
INFO:httpx:HTTP Request: GET http://localhost:8001/health "HTTP/1.1 200 OK"
INFO:httpx:HTTP Request: POST http://localhost:8001/detect/batch "HTTP/1.1 200 OK"
INFO:httpx:HTTP Request: GET http://localhost:8001/health "HTTP/1.1 200 OK"
INFO:httpx:HTTP Request: POST http://localhost:8001/detect/batch "HTTP/1.1 200 OK"
INFO:httpx:HTTP Request: POST http://localhost:8001/detect/batch "HTTP/1.1 200 OK"
INFO:httpx:HTTP Request: POST http://localhost:8001/detect/batch "HTTP/1.1 200 OK"
INFO:httpx:HTTP Request: POST http://localhost:8001/detect/batch "HTTP/1.1 200 OK"
INFO:httpx:HTTP Request: POST http://localhost:8001/detect/batch "HTTP/1.1 200 OK"
INFO:httpx:HTTP Request: POST http://localhost:8001/detect/batch "HTTP/1.1 200 OK"
INFO:httpx:HTTP Request: POST http://localhost:8001/detect/batch "HTTP/1.1 200 OK"
INFO:httpx:HTTP Request: POST http://localhost:8001/detect/batch "HTTP/1.1 200 OK"
INFO:httpx:HTTP Request: POST http://localhost:8001/detect/batch "HTTP/1.1 200 OK"
INFO:httpx:HTTP Request: POST http://localhost:8001/detect/batch "HTTP/1.1 200 OK"
INFO:httpx:HTTP Request: POST http://localhost:8001/detect/batch "HTTP/1.1 200 OK"
INFO:httpx:HTTP Request: POST http://localhost:8001/detect/batch "HTTP/1.1 200 OK"
INFO:httpx:HTTP Request: POST http://localhost:8001/detect/batch "HTTP/1.1 200 OK"
INFO:httpx:HTTP Request: POST http://localhost:8001/detect/batch "HTTP/1.1 200 OK"
INFO:httpx:HTTP Request: POST http://localhost:8001/detect/batch "HTTP/1.1 200 OK"
INFO:httpx:HTTP Request: POST http://localhost:8001/detect/batch "HTTP/1.1 200 OK"
INFO:httpx:HTTP Request: POST http://localhost:8001/detect/batch "HTTP/1.1 200 OK"
INFO:httpx:HTTP Request: POST http://localhost:8001/detect/batch "HTTP/1.1 200 OK"
INFO:httpx:HTTP Request: POST http://localhost:8001/detect/batch "HTTP/1.1 200 OK"
INFO:httpx:HTTP Request: POST http://localhost:8001/detect/batch "HTTP/1.1 200 OK"
INFO:httpx:HTTP Request: POST http://localhost:8001/detect/batch "HTTP/1.1 200 OK"
INFO:httpx:HTTP Request: POST http://localhost:8001/detect/batch "HTTP/1.1 200 OK"
INFO:httpx:HTTP Request: POST http://localhost:8001/detect/batch "HTTP/1.1 200 OK"
INFO:httpx:HTTP Request: POST http://localhost:8001/detect/batch "HTTP/1.1 200 OK"
INFO:httpx:HTTP Request: POST http://localhost:8001/detect/batch "HTTP/1.1 200 OK"
INFO:httpx:HTTP Request: POST http://localhost:8001/detect/batch "HTTP/1.1 200 OK"
INFO:httpx:HTTP Request: POST http://localhost:8001/detect/batch "HTTP/1.1 200 OK"
INFO:httpx:HTTP Request: POST http://localhost:8001/detect/batch "HTTP/1.1 200 OK"
INFO:httpx:HTTP Request: POST http://localhost:8001/detect/batch "HTTP/1.1 200 OK"
INFO:httpx:HTTP Request: POST http://localhost:8001/detect/batch "HTTP/1.1 200 OK"
INFO:httpx:HTTP Request: POST http://localhost:8001/detect/batch "HTTP/1.1 200 OK"
INFO:httpx:HTTP Request: POST http://localhost:8001/detect/batch "HTTP/1.1 200 OK"
INFO:httpx:HTTP Request: POST http://localhost:8001/detect/batch "HTTP/1.1 200 OK"
INFO:httpx:HTTP Request: POST http://localhost:8001/detect/batch "HTTP/1.1 200 OK"
INFO:httpx:HTTP Request: POST http://localhost:8001/detect/batch "HTTP/1.1 200 OK"
INFO:httpx:HTTP Request: POST http://localhost:8001/detect/batch "HTTP/1.1 200 OK"
INFO:httpx:HTTP Request: POST http://localhost:8001/detect/batch "HTTP/1.1 200 OK"
INFO:httpx:HTTP Request: POST http://localhost:8001/detect/batch "HTTP/1.1 200 OK"
INFO:httpx:HTTP Request: POST http://localhost:8001/detect/batch "HTTP/1.1 200 OK"
INFO:httpx:HTTP Request: POST http://localhost:8001/detect/batch "HTTP/1.1 200 OK"
INFO:httpx:HTTP Request: POST http://localhost:8001/detect/batch "HTTP/1.1 200 OK"
INFO:httpx:HTTP Request: POST http://localhost:8001/detect/batch "HTTP/1.1 200 OK"
INFO:httpx:HTTP Request: POST http://localhost:8001/detect/batch "HTTP/1.1 200 OK"
INFO:httpx:HTTP Request: POST http://localhost:8001/detect/batch "HTTP/1.1 200 OK"
INFO:httpx:HTTP Request: POST http://localhost:8001/detect/batch "HTTP/1.1 200 OK"
INFO:httpx:HTTP Request: POST http://localhost:8001/detect/batch "HTTP/1.1 200 OK"
INFO:httpx:HTTP Request: POST http://localhost:8001/detect/batch "HTTP/1.1 200 OK"
INFO:httpx:HTTP Request: POST http://localhost:8001/detect/batch "HTTP/1.1 200 OK"
INFO:httpx:HTTP Request: POST http://localhost:8001/detect/batch "HTTP/1.1 200 OK"
INFO:httpx:HTTP Request: POST http://localhost:8001/detect/batch "HTTP/1.1 200 OK"
INFO:httpx:HTTP Request: POST http://localhost:8001/detect/batch "HTTP/1.1 200 OK"
INFO:httpx:HTTP Request: POST http://localhost:8001/detect/batch "HTTP/1.1 200 OK"
INFO:httpx:HTTP Request: POST http://localhost:8001/detect/batch "HTTP/1.1 200 OK"
INFO:httpx:HTTP Request: POST http://localhost:8001/detect/batch "HTTP/1.1 200 OK"
INFO:httpx:HTTP Request: POST http://localhost:8001/detect/batch "HTTP/1.1 200 OK"
INFO:httpx:HTTP Request: POST http://localhost:8001/detect/batch "HTTP/1.1 200 OK"
INFO:httpx:HTTP Request: POST http://localhost:8001/detect/batch "HTTP/1.1 200 OK"
INFO:httpx:HTTP Request: POST http://localhost:8001/detect/batch "HTTP/1.1 200 OK"
INFO:httpx:HTTP Request: POST http://localhost:8001/detect/batch "HTTP/1.1 200 OK"
INFO:httpx:HTTP Request: POST http://localhost:8001/detect/batch "HTTP/1.1 200 OK"
INFO:httpx:HTTP Request: POST http://localhost:8001/detect/batch "HTTP/1.1 200 OK"
INFO:httpx:HTTP Request: POST http://localhost:8001/detect/batch "HTTP/1.1 200 OK"
INFO:httpx:HTTP Request: POST http://localhost:8001/detect/batch "HTTP/1.1 200 OK"
INFO:httpx:HTTP Request: POST http://localhost:8001/detect/batch "HTTP/1.1 200 OK"
INFO:httpx:HTTP Request: POST http://localhost:8001/detect/batch "HTTP/1.1 200 OK"
INFO:httpx:HTTP Request: POST http://localhost:8001/detect/batch "HTTP/1.1 200 OK"
INFO:httpx:HTTP Request: POST http://localhost:8001/detect/batch "HTTP/1.1 200 OK"
INFO:httpx:HTTP Request: POST http://localhost:8001/detect/batch "HTTP/1.1 200 OK"
INFO:httpx:HTTP Request: POST http://localhost:8001/detect/batch "HTTP/1.1 200 OK"
INFO:httpx:HTTP Request: POST http://localhost:8001/detect/batch "HTTP/1.1 200 OK"
INFO:httpx:HTTP Request: POST http://localhost:8001/detect/batch "HTTP/1.1 200 OK"
INFO:httpx:HTTP Request: POST http://localhost:8001/detect/batch "HTTP/1.1 200 OK"
INFO:httpx:HTTP Request: POST http://localhost:8001/detect/batch "HTTP/1.1 200 OK"
INFO:httpx:HTTP Request: POST http://localhost:8001/detect/batch "HTTP/1.1 200 OK"
INFO:httpx:HTTP Request: POST http://localhost:8001/detect/batch "HTTP/1.1 200 OK"
INFO:httpx:HTTP Request: POST http://localhost:8001/detect/batch "HTTP/1.1 200 OK"
INFO:httpx:HTTP Request: POST http://localhost:8001/detect/batch "HTTP/1.1 200 OK"
INFO:httpx:HTTP Request: POST http://localhost:8001/detect/batch "HTTP/1.1 200 OK"
INFO:httpx:HTTP Request: POST http://localhost:8001/detect/batch "HTTP/1.1 200 OK"
INFO:httpx:HTTP Request: POST http://localhost:8001/detect/batch "HTTP/1.1 200 OK"
INFO:httpx:HTTP Request: POST http://localhost:8001/detect/batch "HTTP/1.1 200 OK"
INFO:httpx:HTTP Request: POST http://localhost:8001/detect/batch "HTTP/1.1 200 OK"
INFO:httpx:HTTP Request: POST http://localhost:8001/detect/batch "HTTP/1.1 200 OK"
INFO:httpx:HTTP Request: POST http://localhost:8001/detect/batch "HTTP/1.1 200 OK"
INFO:httpx:HTTP Request: POST http://localhost:8001/detect/batch "HTTP/1.1 200 OK"
INFO:httpx:HTTP Request: POST http://localhost:8001/detect/batch "HTTP/1.1 200 OK"
INFO:httpx:HTTP Request: POST http://localhost:8001/detect/batch "HTTP/1.1 200 OK"
INFO:httpx:HTTP Request: POST http://localhost:8001/detect/batch "HTTP/1.1 200 OK"
INFO:httpx:HTTP Request: POST http://localhost:8001/detect/batch "HTTP/1.1 200 OK"
INFO:httpx:HTTP Request: POST http://localhost:8001/detect/batch "HTTP/1.1 200 OK"
INFO:httpx:HTTP Request: POST http://localhost:8001/detect/batch "HTTP/1.1 200 OK"
INFO:httpx:HTTP Request: POST http://localhost:8001/detect/batch "HTTP/1.1 200 OK"
INFO:httpx:HTTP Request: POST http://localhost:8001/detect/batch "HTTP/1.1 200 OK"
INFO:httpx:HTTP Request: POST http://localhost:8001/detect/batch "HTTP/1.1 200 OK"
INFO:httpx:HTTP Request: POST http://localhost:8001/detect/batch "HTTP/1.1 200 OK"
INFO:httpx:HTTP Request: POST http://localhost:8001/detect/batch "HTTP/1.1 200 OK"
INFO:httpx:HTTP Request: POST http://localhost:8001/detect/batch "HTTP/1.1 200 OK"
INFO:httpx:HTTP Request: POST http://localhost:8001/detect/batch "HTTP/1.1 200 OK"
INFO:httpx:HTTP Request: POST http://localhost:8001/detect/batch "HTTP/1.1 200 OK"
INFO:httpx:HTTP Request: POST http://localhost:8001/detect/batch "HTTP/1.1 200 OK"
INFO:httpx:HTTP Request: POST http://localhost:8001/detect/batch "HTTP/1.1 200 OK"
INFO:httpx:HTTP Request: POST http://localhost:8001/detect/batch "HTTP/1.1 200 OK"
INFO:httpx:HTTP Request: POST http://localhost:8001/detect/batch "HTTP/1.1 200 OK"
INFO:httpx:HTTP Request: POST http://localhost:8001/detect/batch "HTTP/1.1 200 OK"
INFO:httpx:HTTP Request: POST http://localhost:8001/detect/batch "HTTP/1.1 200 OK"
INFO:httpx:HTTP Request: POST http://localhost:8001/detect/batch "HTTP/1.1 200 OK"
INFO:httpx:HTTP Request: POST http://localhost:8001/detect/batch "HTTP/1.1 200 OK"
INFO:httpx:HTTP Request: POST http://localhost:8001/detect/batch "HTTP/1.1 200 OK"
INFO:httpx:HTTP Request: POST http://localhost:8001/detect/batch "HTTP/1.1 200 OK"
INFO:httpx:HTTP Request: POST http://localhost:8001/detect/batch "HTTP/1.1 200 OK"
INFO:httpx:HTTP Request: POST http://localhost:8001/detect/batch "HTTP/1.1 200 OK"
INFO:httpx:HTTP Request: POST http://localhost:8001/detect/batch "HTTP/1.1 200 OK"
INFO:httpx:HTTP Request: POST http://localhost:8001/detect/batch "HTTP/1.1 200 OK"
INFO:httpx:HTTP Request: POST http://localhost:8001/detect/batch "HTTP/1.1 200 OK"
INFO:httpx:HTTP Request: POST http://localhost:8001/detect/batch "HTTP/1.1 200 OK"
INFO:httpx:HTTP Request: POST http://localhost:8001/detect/batch "HTTP/1.1 200 OK"
INFO:httpx:HTTP Request: POST http://localhost:8001/detect/batch "HTTP/1.1 200 OK"
INFO:httpx:HTTP Request: POST http://localhost:8001/detect/batch "HTTP/1.1 200 OK"
INFO:httpx:HTTP Request: POST http://localhost:8001/detect/batch "HTTP/1.1 200 OK"
INFO:httpx:HTTP Request: POST http://localhost:8001/detect/batch "HTTP/1.1 200 OK"
INFO:httpx:HTTP Request: POST http://localhost:8001/detect/batch "HTTP/1.1 200 OK"
INFO:httpx:HTTP Request: POST http://localhost:8001/detect/batch "HTTP/1.1 200 OK"
INFO:httpx:HTTP Request: POST http://localhost:8001/detect/batch "HTTP/1.1 200 OK"
INFO:httpx:HTTP Request: POST http://localhost:8001/detect/batch "HTTP/1.1 200 OK"
INFO:httpx:HTTP Request: POST http://localhost:8001/detect/batch "HTTP/1.1 200 OK"
INFO:httpx:HTTP Request: POST http://localhost:8001/detect/batch "HTTP/1.1 200 OK"
INFO:httpx:HTTP Request: POST http://localhost:8001/detect/batch "HTTP/1.1 200 OK"
INFO:httpx:HTTP Request: POST http://localhost:8001/detect/batch "HTTP/1.1 200 OK"
ERROR:ingest_api:L1 node http://localhost:8001 failed: 
ERROR:ingest_api:L1 node http://localhost:8001 failed: 
ERROR:ingest_api:L1 node http://localhost:8001 failed: 
ERROR:ingest_api:L1 node http://localhost:8001 failed: 
ERROR:ingest_api:L1 node http://localhost:8001 failed: 
ERROR:ingest_api:L1 node http://localhost:8001 failed: 
ERROR:ingest_api:L1 node http://localhost:8001 failed: 
ERROR:ingest_api:L1 node http://localhost:8001 failed: 
ERROR:ingest_api:L1 node http://localhost:8001 failed: 
ERROR:ingest_api:L1 node http://localhost:8001 failed: 
ERROR:ingest_api:L1 node http://localhost:8001 failed: 
ERROR:ingest_api:L1 node http://localhost:8001 failed: 
ERROR:ingest_api:L1 node http://localhost:8001 failed: 
ERROR:ingest_api:L1 node http://localhost:8001 failed: 
ERROR:ingest_api:L1 node http://localhost:8001 failed: 
ERROR:ingest_api:L1 node http://localhost:8001 failed: 
ERROR:ingest_api:L1 node http://localhost:8001 failed: 
ERROR:ingest_api:L1 node http://localhost:8001 failed: 
INFO:ingest_api:[B9671DBA] L1 detection: 4448 results in 60186ms
INFO:ingest_api:[B9671DBA] Verdict: 4448 anomalous, 0 benign
INFO:shared.kafka_client:Sent to immunex_raw_alerts partition 0 offset 28
INFO:ingest_api:[B9671DBA] Complete: 60316ms, 83 logs/s
INFO:     127.0.0.1:50260 - "POST /ingest/batch HTTP/1.1" 200 OK
INFO:ingest_api:[2076CA5D] Bulk ingest: 1000 logs
INFO:ingest_api:[2076CA5D] Normalized 1000/1000 in 18ms (54735 logs/s)
INFO:ingest_api:[2076CA5D] Dedup: removed 636, 364 unique remaining
INFO:httpx:HTTP Request: POST http://localhost:8001/detect/batch "HTTP/1.1 200 OK"
INFO:httpx:HTTP Request: POST http://localhost:8001/detect/batch "HTTP/1.1 200 OK"
INFO:httpx:HTTP Request: POST http://localhost:8001/detect/batch "HTTP/1.1 200 OK"
INFO:httpx:HTTP Request: POST http://localhost:8001/detect/batch "HTTP/1.1 200 OK"
INFO:httpx:HTTP Request: POST http://localhost:8001/detect/batch "HTTP/1.1 200 OK"
INFO:httpx:HTTP Request: POST http://localhost:8001/detect/batch "HTTP/1.1 200 OK"
INFO:httpx:HTTP Request: POST http://localhost:8001/detect/batch "HTTP/1.1 200 OK"
INFO:httpx:HTTP Request: POST http://localhost:8001/detect/batch "HTTP/1.1 200 OK"
INFO:httpx:HTTP Request: POST http://localhost:8001/detect/batch "HTTP/1.1 200 OK"
INFO:httpx:HTTP Request: POST http://localhost:8001/detect/batch "HTTP/1.1 200 OK"
INFO:httpx:HTTP Request: POST http://localhost:8001/detect/batch "HTTP/1.1 200 OK"
INFO:httpx:HTTP Request: POST http://localhost:8001/detect/batch "HTTP/1.1 200 OK"
INFO:ingest_api:[2076CA5D] L1 detection: 364 results in 4614ms
INFO:ingest_api:[2076CA5D] Verdict: 364 anomalous, 0 benign
INFO:shared.kafka_client:Sent to immunex_raw_alerts partition 0 offset 29
INFO:ingest_api:[2076CA5D] Complete: 4643ms, 215 logs/s
INFO:     127.0.0.1:37286 - "POST /ingest/batch HTTP/1.1" 200 OK
INFO:ingest_api:[021236BF] Bulk ingest: 1000 logs
INFO:ingest_api:[021236BF] Normalized 1000/1000 in 18ms (56955 logs/s)
INFO:ingest_api:[021236BF] Dedup: removed 800, 200 unique remaining
INFO:httpx:HTTP Request: POST http://localhost:8001/detect/batch "HTTP/1.1 200 OK"
INFO:httpx:HTTP Request: POST http://localhost:8001/detect/batch "HTTP/1.1 200 OK"
INFO:httpx:HTTP Request: POST http://localhost:8001/detect/batch "HTTP/1.1 200 OK"
INFO:httpx:HTTP Request: POST http://localhost:8001/detect/batch "HTTP/1.1 200 OK"
INFO:httpx:HTTP Request: POST http://localhost:8001/detect/batch "HTTP/1.1 200 OK"
INFO:httpx:HTTP Request: POST http://localhost:8001/detect/batch "HTTP/1.1 200 OK"
INFO:httpx:HTTP Request: POST http://localhost:8001/detect/batch "HTTP/1.1 200 OK"
INFO:ingest_api:[021236BF] L1 detection: 200 results in 2383ms
INFO:ingest_api:[021236BF] Verdict: 200 anomalous, 0 benign
INFO:shared.kafka_client:Sent to immunex_raw_alerts partition 0 offset 30
INFO:ingest_api:[021236BF] Complete: 2412ms, 415 logs/s
INFO:     127.0.0.1:59258 - "POST /ingest/batch HTTP/1.1" 200 OK
INFO:ingest_api:[BD17C021] Bulk ingest: 5000 logs
INFO:ingest_api:[BD17C021] Normalized 5000/5000 in 95ms (52696 logs/s)
INFO:ingest_api:[BD17C021] Dedup: removed 4000, 1000 unique remaining
INFO:httpx:HTTP Request: POST http://localhost:8001/detect/batch "HTTP/1.1 200 OK"
INFO:httpx:HTTP Request: POST http://localhost:8001/detect/batch "HTTP/1.1 200 OK"
INFO:httpx:HTTP Request: POST http://localhost:8001/detect/batch "HTTP/1.1 200 OK"
INFO:httpx:HTTP Request: POST http://localhost:8001/detect/batch "HTTP/1.1 200 OK"
INFO:httpx:HTTP Request: POST http://localhost:8001/detect/batch "HTTP/1.1 200 OK"
INFO:httpx:HTTP Request: POST http://localhost:8001/detect/batch "HTTP/1.1 200 OK"
INFO:httpx:HTTP Request: POST http://localhost:8001/detect/batch "HTTP/1.1 200 OK"
INFO:httpx:HTTP Request: POST http://localhost:8001/detect/batch "HTTP/1.1 200 OK"
INFO:httpx:HTTP Request: POST http://localhost:8001/detect/batch "HTTP/1.1 200 OK"
INFO:httpx:HTTP Request: POST http://localhost:8001/detect/batch "HTTP/1.1 200 OK"
INFO:httpx:HTTP Request: POST http://localhost:8001/detect/batch "HTTP/1.1 200 OK"
INFO:httpx:HTTP Request: POST http://localhost:8001/detect/batch "HTTP/1.1 200 OK"
INFO:httpx:HTTP Request: POST http://localhost:8001/detect/batch "HTTP/1.1 200 OK"
INFO:httpx:HTTP Request: POST http://localhost:8001/detect/batch "HTTP/1.1 200 OK"
INFO:httpx:HTTP Request: POST http://localhost:8001/detect/batch "HTTP/1.1 200 OK"
INFO:httpx:HTTP Request: POST http://localhost:8001/detect/batch "HTTP/1.1 200 OK"
INFO:httpx:HTTP Request: POST http://localhost:8001/detect/batch "HTTP/1.1 200 OK"
INFO:httpx:HTTP Request: POST http://localhost:8001/detect/batch "HTTP/1.1 200 OK"
INFO:httpx:HTTP Request: POST http://localhost:8001/detect/batch "HTTP/1.1 200 OK"
INFO:httpx:HTTP Request: POST http://localhost:8001/detect/batch "HTTP/1.1 200 OK"
INFO:httpx:HTTP Request: POST http://localhost:8001/detect/batch "HTTP/1.1 200 OK"
INFO:httpx:HTTP Request: POST http://localhost:8001/detect/batch "HTTP/1.1 200 OK"
INFO:httpx:HTTP Request: POST http://localhost:8001/detect/batch "HTTP/1.1 200 OK"
INFO:httpx:HTTP Request: POST http://localhost:8001/detect/batch "HTTP/1.1 200 OK"
INFO:httpx:HTTP Request: POST http://localhost:8001/detect/batch "HTTP/1.1 200 OK"
INFO:httpx:HTTP Request: POST http://localhost:8001/detect/batch "HTTP/1.1 200 OK"
INFO:httpx:HTTP Request: POST http://localhost:8001/detect/batch "HTTP/1.1 200 OK"
INFO:httpx:HTTP Request: POST http://localhost:8001/detect/batch "HTTP/1.1 200 OK"
INFO:httpx:HTTP Request: POST http://localhost:8001/detect/batch "HTTP/1.1 200 OK"
INFO:httpx:HTTP Request: POST http://localhost:8001/detect/batch "HTTP/1.1 200 OK"
INFO:httpx:HTTP Request: POST http://localhost:8001/detect/batch "HTTP/1.1 200 OK"
INFO:httpx:HTTP Request: POST http://localhost:8001/detect/batch "HTTP/1.1 200 OK"
INFO:ingest_api:[BD17C021] L1 detection: 1000 results in 11788ms
INFO:ingest_api:[BD17C021] Verdict: 1000 anomalous, 0 benign
INFO:shared.kafka_client:Sent to immunex_raw_alerts partition 0 offset 31
INFO:ingest_api:[BD17C021] Complete: 11927ms, 419 logs/s
INFO:     127.0.0.1:59274 - "POST /ingest/batch HTTP/1.1" 200 OK
INFO:ingest_api:[5941310D] Bulk ingest: 10000 logs
INFO:ingest_api:[5941310D] Normalized 10000/10000 in 169ms (59232 logs/s)
INFO:ingest_api:[5941310D] Dedup: removed 8000, 2000 unique remaining
INFO:httpx:HTTP Request: GET http://localhost:8001/health "HTTP/1.1 200 OK"
INFO:httpx:HTTP Request: POST http://localhost:8001/detect/batch "HTTP/1.1 200 OK"
INFO:httpx:HTTP Request: POST http://localhost:8001/detect/batch "HTTP/1.1 200 OK"
INFO:httpx:HTTP Request: POST http://localhost:8001/detect/batch "HTTP/1.1 200 OK"
INFO:httpx:HTTP Request: POST http://localhost:8001/detect/batch "HTTP/1.1 200 OK"
INFO:httpx:HTTP Request: POST http://localhost:8001/detect/batch "HTTP/1.1 200 OK"
INFO:httpx:HTTP Request: POST http://localhost:8001/detect/batch "HTTP/1.1 200 OK"
INFO:httpx:HTTP Request: POST http://localhost:8001/detect/batch "HTTP/1.1 200 OK"
INFO:httpx:HTTP Request: POST http://localhost:8001/detect/batch "HTTP/1.1 200 OK"
INFO:httpx:HTTP Request: POST http://localhost:8001/detect/batch "HTTP/1.1 200 OK"
INFO:httpx:HTTP Request: POST http://localhost:8001/detect/batch "HTTP/1.1 200 OK"
INFO:httpx:HTTP Request: POST http://localhost:8001/detect/batch "HTTP/1.1 200 OK"
INFO:httpx:HTTP Request: POST http://localhost:8001/detect/batch "HTTP/1.1 200 OK"
INFO:httpx:HTTP Request: POST http://localhost:8001/detect/batch "HTTP/1.1 200 OK"
INFO:httpx:HTTP Request: POST http://localhost:8001/detect/batch "HTTP/1.1 200 OK"
INFO:httpx:HTTP Request: POST http://localhost:8001/detect/batch "HTTP/1.1 200 OK"
INFO:httpx:HTTP Request: POST http://localhost:8001/detect/batch "HTTP/1.1 200 OK"
INFO:httpx:HTTP Request: POST http://localhost:8001/detect/batch "HTTP/1.1 200 OK"
INFO:httpx:HTTP Request: POST http://localhost:8001/detect/batch "HTTP/1.1 200 OK"
INFO:httpx:HTTP Request: POST http://localhost:8001/detect/batch "HTTP/1.1 200 OK"
INFO:httpx:HTTP Request: POST http://localhost:8001/detect/batch "HTTP/1.1 200 OK"
INFO:httpx:HTTP Request: POST http://localhost:8001/detect/batch "HTTP/1.1 200 OK"
INFO:httpx:HTTP Request: POST http://localhost:8001/detect/batch "HTTP/1.1 200 OK"
INFO:httpx:HTTP Request: POST http://localhost:8001/detect/batch "HTTP/1.1 200 OK"
INFO:httpx:HTTP Request: POST http://localhost:8001/detect/batch "HTTP/1.1 200 OK"
INFO:httpx:HTTP Request: POST http://localhost:8001/detect/batch "HTTP/1.1 200 OK"
INFO:httpx:HTTP Request: POST http://localhost:8001/detect/batch "HTTP/1.1 200 OK"
INFO:httpx:HTTP Request: POST http://localhost:8001/detect/batch "HTTP/1.1 200 OK"
INFO:httpx:HTTP Request: POST http://localhost:8001/detect/batch "HTTP/1.1 200 OK"
INFO:httpx:HTTP Request: POST http://localhost:8001/detect/batch "HTTP/1.1 200 OK"
INFO:httpx:HTTP Request: POST http://localhost:8001/detect/batch "HTTP/1.1 200 OK"
INFO:httpx:HTTP Request: POST http://localhost:8001/detect/batch "HTTP/1.1 200 OK"
INFO:httpx:HTTP Request: POST http://localhost:8001/detect/batch "HTTP/1.1 200 OK"
INFO:httpx:HTTP Request: POST http://localhost:8001/detect/batch "HTTP/1.1 200 OK"
INFO:httpx:HTTP Request: POST http://localhost:8001/detect/batch "HTTP/1.1 200 OK"
INFO:httpx:HTTP Request: POST http://localhost:8001/detect/batch "HTTP/1.1 200 OK"
INFO:httpx:HTTP Request: POST http://localhost:8001/detect/batch "HTTP/1.1 200 OK"
INFO:httpx:HTTP Request: POST http://localhost:8001/detect/batch "HTTP/1.1 200 OK"
INFO:httpx:HTTP Request: POST http://localhost:8001/detect/batch "HTTP/1.1 200 OK"
INFO:httpx:HTTP Request: POST http://localhost:8001/detect/batch "HTTP/1.1 200 OK"
INFO:httpx:HTTP Request: POST http://localhost:8001/detect/batch "HTTP/1.1 200 OK"
INFO:httpx:HTTP Request: POST http://localhost:8001/detect/batch "HTTP/1.1 200 OK"
INFO:httpx:HTTP Request: POST http://localhost:8001/detect/batch "HTTP/1.1 200 OK"
INFO:httpx:HTTP Request: POST http://localhost:8001/detect/batch "HTTP/1.1 200 OK"
INFO:httpx:HTTP Request: POST http://localhost:8001/detect/batch "HTTP/1.1 200 OK"
INFO:httpx:HTTP Request: POST http://localhost:8001/detect/batch "HTTP/1.1 200 OK"
INFO:httpx:HTTP Request: POST http://localhost:8001/detect/batch "HTTP/1.1 200 OK"
INFO:httpx:HTTP Request: POST http://localhost:8001/detect/batch "HTTP/1.1 200 OK"
INFO:httpx:HTTP Request: POST http://localhost:8001/detect/batch "HTTP/1.1 200 OK"
INFO:httpx:HTTP Request: POST http://localhost:8001/detect/batch "HTTP/1.1 200 OK"
INFO:httpx:HTTP Request: POST http://localhost:8001/detect/batch "HTTP/1.1 200 OK"
INFO:httpx:HTTP Request: POST http://localhost:8001/detect/batch "HTTP/1.1 200 OK"
INFO:httpx:HTTP Request: POST http://localhost:8001/detect/batch "HTTP/1.1 200 OK"
INFO:httpx:HTTP Request: POST http://localhost:8001/detect/batch "HTTP/1.1 200 OK"
INFO:httpx:HTTP Request: POST http://localhost:8001/detect/batch "HTTP/1.1 200 OK"
INFO:httpx:HTTP Request: POST http://localhost:8001/detect/batch "HTTP/1.1 200 OK"
INFO:httpx:HTTP Request: POST http://localhost:8001/detect/batch "HTTP/1.1 200 OK"
INFO:httpx:HTTP Request: POST http://localhost:8001/detect/batch "HTTP/1.1 200 OK"
INFO:httpx:HTTP Request: POST http://localhost:8001/detect/batch "HTTP/1.1 200 OK"
INFO:httpx:HTTP Request: POST http://localhost:8001/detect/batch "HTTP/1.1 200 OK"
INFO:httpx:HTTP Request: POST http://localhost:8001/detect/batch "HTTP/1.1 200 OK"
INFO:httpx:HTTP Request: POST http://localhost:8001/detect/batch "HTTP/1.1 200 OK"
INFO:httpx:HTTP Request: POST http://localhost:8001/detect/batch "HTTP/1.1 200 OK"
INFO:httpx:HTTP Request: POST http://localhost:8001/detect/batch "HTTP/1.1 200 OK"
INFO:ingest_api:[5941310D] L1 detection: 2000 results in 23525ms
INFO:ingest_api:[5941310D] Verdict: 2000 anomalous, 0 benign
INFO:shared.kafka_client:Sent to immunex_raw_alerts partition 0 offset 32
INFO:ingest_api:[5941310D] Complete: 23772ms, 421 logs/s
INFO:     127.0.0.1:40520 - "POST /ingest/batch HTTP/1.1" 200 OK
INFO:httpx:HTTP Request: GET http://localhost:8001/health "HTTP/1.1 200 OK"
INFO:httpx:HTTP Request: GET http://localhost:8001/health "HTTP/1.1 200 OK"
INFO:httpx:HTTP Request: GET http://localhost:8001/health "HTTP/1.1 200 OK"
INFO:httpx:HTTP Request: GET http://localhost:8001/health "HTTP/1.1 200 OK"
INFO:httpx:HTTP Request: GET http://localhost:8001/health "HTTP/1.1 200 OK"
INFO:httpx:HTTP Request: GET http://localhost:8001/health "HTTP/1.1 200 OK"
INFO:httpx:HTTP Request: GET http://localhost:8001/health "HTTP/1.1 200 OK"
INFO:httpx:HTTP Request: GET http://localhost:8001/health "HTTP/1.1 200 OK"
INFO:httpx:HTTP Request: GET http://localhost:8001/health "HTTP/1.1 200 OK"
INFO:httpx:HTTP Request: GET http://localhost:8001/health "HTTP/1.1 200 OK"
INFO:httpx:HTTP Request: GET http://localhost:8001/health "HTTP/1.1 200 OK"
INFO:httpx:HTTP Request: GET http://localhost:8001/health "HTTP/1.1 200 OK"
INFO:ingest_api:[34E48EE7] Bulk ingest: 1000 logs
INFO:ingest_api:[34E48EE7] Normalized 1000/1000 in 18ms (56519 logs/s)
INFO:ingest_api:[34E48EE7] Dedup: removed 0, 1000 unique remaining
INFO:httpx:HTTP Request: POST http://localhost:8001/detect/batch "HTTP/1.1 500 Internal Server Error"
ERROR:ingest_api:L1 batch error at http://localhost:8001: Server error '500 Internal Server Error' for url 'http://localhost:8001/detect/batch'
For more information check: https://developer.mozilla.org/en-US/docs/Web/HTTP/Status/500
INFO:httpx:HTTP Request: POST http://localhost:8001/detect/batch "HTTP/1.1 500 Internal Server Error"
ERROR:ingest_api:L1 batch error at http://localhost:8001: Server error '500 Internal Server Error' for url 'http://localhost:8001/detect/batch'
For more information check: https://developer.mozilla.org/en-US/docs/Web/HTTP/Status/500
INFO:httpx:HTTP Request: POST http://localhost:8001/detect/batch "HTTP/1.1 500 Internal Server Error"
ERROR:ingest_api:L1 batch error at http://localhost:8001: Server error '500 Internal Server Error' for url 'http://localhost:8001/detect/batch'
For more information check: https://developer.mozilla.org/en-US/docs/Web/HTTP/Status/500
INFO:httpx:HTTP Request: POST http://localhost:8001/detect/batch "HTTP/1.1 500 Internal Server Error"
ERROR:ingest_api:L1 batch error at http://localhost:8001: Server error '500 Internal Server Error' for url 'http://localhost:8001/detect/batch'
For more information check: https://developer.mozilla.org/en-US/docs/Web/HTTP/Status/500
INFO:httpx:HTTP Request: POST http://localhost:8001/detect/batch "HTTP/1.1 500 Internal Server Error"
ERROR:ingest_api:L1 batch error at http://localhost:8001: Server error '500 Internal Server Error' for url 'http://localhost:8001/detect/batch'
For more information check: https://developer.mozilla.org/en-US/docs/Web/HTTP/Status/500
INFO:httpx:HTTP Request: POST http://localhost:8001/detect/batch "HTTP/1.1 500 Internal Server Error"
ERROR:ingest_api:L1 batch error at http://localhost:8001: Server error '500 Internal Server Error' for url 'http://localhost:8001/detect/batch'
For more information check: https://developer.mozilla.org/en-US/docs/Web/HTTP/Status/500
INFO:httpx:HTTP Request: POST http://localhost:8001/detect/batch "HTTP/1.1 500 Internal Server Error"
ERROR:ingest_api:L1 batch error at http://localhost:8001: Server error '500 Internal Server Error' for url 'http://localhost:8001/detect/batch'
For more information check: https://developer.mozilla.org/en-US/docs/Web/HTTP/Status/500
INFO:httpx:HTTP Request: POST http://localhost:8001/detect/batch "HTTP/1.1 500 Internal Server Error"
ERROR:ingest_api:L1 batch error at http://localhost:8001: Server error '500 Internal Server Error' for url 'http://localhost:8001/detect/batch'
For more information check: https://developer.mozilla.org/en-US/docs/Web/HTTP/Status/500
INFO:httpx:HTTP Request: POST http://localhost:8001/detect/batch "HTTP/1.1 500 Internal Server Error"
ERROR:ingest_api:L1 batch error at http://localhost:8001: Server error '500 Internal Server Error' for url 'http://localhost:8001/detect/batch'
For more information check: https://developer.mozilla.org/en-US/docs/Web/HTTP/Status/500
INFO:httpx:HTTP Request: POST http://localhost:8001/detect/batch "HTTP/1.1 500 Internal Server Error"
ERROR:ingest_api:L1 batch error at http://localhost:8001: Server error '500 Internal Server Error' for url 'http://localhost:8001/detect/batch'
For more information check: https://developer.mozilla.org/en-US/docs/Web/HTTP/Status/500
INFO:httpx:HTTP Request: POST http://localhost:8001/detect/batch "HTTP/1.1 500 Internal Server Error"
ERROR:ingest_api:L1 batch error at http://localhost:8001: Server error '500 Internal Server Error' for url 'http://localhost:8001/detect/batch'
For more information check: https://developer.mozilla.org/en-US/docs/Web/HTTP/Status/500
INFO:httpx:HTTP Request: POST http://localhost:8001/detect/batch "HTTP/1.1 500 Internal Server Error"
ERROR:ingest_api:L1 batch error at http://localhost:8001: Server error '500 Internal Server Error' for url 'http://localhost:8001/detect/batch'
For more information check: https://developer.mozilla.org/en-US/docs/Web/HTTP/Status/500
INFO:httpx:HTTP Request: POST http://localhost:8001/detect/batch "HTTP/1.1 500 Internal Server Error"
ERROR:ingest_api:L1 batch error at http://localhost:8001: Server error '500 Internal Server Error' for url 'http://localhost:8001/detect/batch'
For more information check: https://developer.mozilla.org/en-US/docs/Web/HTTP/Status/500
INFO:httpx:HTTP Request: POST http://localhost:8001/detect/batch "HTTP/1.1 500 Internal Server Error"
ERROR:ingest_api:L1 batch error at http://localhost:8001: Server error '500 Internal Server Error' for url 'http://localhost:8001/detect/batch'
For more information check: https://developer.mozilla.org/en-US/docs/Web/HTTP/Status/500
INFO:httpx:HTTP Request: POST http://localhost:8001/detect/batch "HTTP/1.1 500 Internal Server Error"
ERROR:ingest_api:L1 batch error at http://localhost:8001: Server error '500 Internal Server Error' for url 'http://localhost:8001/detect/batch'
For more information check: https://developer.mozilla.org/en-US/docs/Web/HTTP/Status/500
INFO:httpx:HTTP Request: POST http://localhost:8001/detect/batch "HTTP/1.1 500 Internal Server Error"
ERROR:ingest_api:L1 batch error at http://localhost:8001: Server error '500 Internal Server Error' for url 'http://localhost:8001/detect/batch'
For more information check: https://developer.mozilla.org/en-US/docs/Web/HTTP/Status/500
INFO:httpx:HTTP Request: POST http://localhost:8001/detect/batch "HTTP/1.1 500 Internal Server Error"
ERROR:ingest_api:L1 batch error at http://localhost:8001: Server error '500 Internal Server Error' for url 'http://localhost:8001/detect/batch'
For more information check: https://developer.mozilla.org/en-US/docs/Web/HTTP/Status/500
INFO:httpx:HTTP Request: POST http://localhost:8001/detect/batch "HTTP/1.1 500 Internal Server Error"
ERROR:ingest_api:L1 batch error at http://localhost:8001: Server error '500 Internal Server Error' for url 'http://localhost:8001/detect/batch'
For more information check: https://developer.mozilla.org/en-US/docs/Web/HTTP/Status/500
INFO:httpx:HTTP Request: POST http://localhost:8001/detect/batch "HTTP/1.1 500 Internal Server Error"
ERROR:ingest_api:L1 batch error at http://localhost:8001: Server error '500 Internal Server Error' for url 'http://localhost:8001/detect/batch'
For more information check: https://developer.mozilla.org/en-US/docs/Web/HTTP/Status/500
INFO:httpx:HTTP Request: POST http://localhost:8001/detect/batch "HTTP/1.1 500 Internal Server Error"
ERROR:ingest_api:L1 batch error at http://localhost:8001: Server error '500 Internal Server Error' for url 'http://localhost:8001/detect/batch'
For more information check: https://developer.mozilla.org/en-US/docs/Web/HTTP/Status/500
INFO:httpx:HTTP Request: POST http://localhost:8001/detect/batch "HTTP/1.1 500 Internal Server Error"
ERROR:ingest_api:L1 batch error at http://localhost:8001: Server error '500 Internal Server Error' for url 'http://localhost:8001/detect/batch'
For more information check: https://developer.mozilla.org/en-US/docs/Web/HTTP/Status/500
INFO:httpx:HTTP Request: POST http://localhost:8001/detect/batch "HTTP/1.1 500 Internal Server Error"
ERROR:ingest_api:L1 batch error at http://localhost:8001: Server error '500 Internal Server Error' for url 'http://localhost:8001/detect/batch'
For more information check: https://developer.mozilla.org/en-US/docs/Web/HTTP/Status/500
INFO:httpx:HTTP Request: POST http://localhost:8001/detect/batch "HTTP/1.1 500 Internal Server Error"
ERROR:ingest_api:L1 batch error at http://localhost:8001: Server error '500 Internal Server Error' for url 'http://localhost:8001/detect/batch'
For more information check: https://developer.mozilla.org/en-US/docs/Web/HTTP/Status/500
INFO:httpx:HTTP Request: POST http://localhost:8001/detect/batch "HTTP/1.1 500 Internal Server Error"
ERROR:ingest_api:L1 batch error at http://localhost:8001: Server error '500 Internal Server Error' for url 'http://localhost:8001/detect/batch'
For more information check: https://developer.mozilla.org/en-US/docs/Web/HTTP/Status/500
INFO:httpx:HTTP Request: POST http://localhost:8001/detect/batch "HTTP/1.1 500 Internal Server Error"
ERROR:ingest_api:L1 batch error at http://localhost:8001: Server error '500 Internal Server Error' for url 'http://localhost:8001/detect/batch'
For more information check: https://developer.mozilla.org/en-US/docs/Web/HTTP/Status/500
INFO:httpx:HTTP Request: POST http://localhost:8001/detect/batch "HTTP/1.1 500 Internal Server Error"
ERROR:ingest_api:L1 batch error at http://localhost:8001: Server error '500 Internal Server Error' for url 'http://localhost:8001/detect/batch'
For more information check: https://developer.mozilla.org/en-US/docs/Web/HTTP/Status/500
INFO:httpx:HTTP Request: POST http://localhost:8001/detect/batch "HTTP/1.1 500 Internal Server Error"
ERROR:ingest_api:L1 batch error at http://localhost:8001: Server error '500 Internal Server Error' for url 'http://localhost:8001/detect/batch'
For more information check: https://developer.mozilla.org/en-US/docs/Web/HTTP/Status/500
INFO:httpx:HTTP Request: POST http://localhost:8001/detect/batch "HTTP/1.1 500 Internal Server Error"
ERROR:ingest_api:L1 batch error at http://localhost:8001: Server error '500 Internal Server Error' for url 'http://localhost:8001/detect/batch'
For more information check: https://developer.mozilla.org/en-US/docs/Web/HTTP/Status/500
INFO:httpx:HTTP Request: POST http://localhost:8001/detect/batch "HTTP/1.1 500 Internal Server Error"
ERROR:ingest_api:L1 batch error at http://localhost:8001: Server error '500 Internal Server Error' for url 'http://localhost:8001/detect/batch'
For more information check: https://developer.mozilla.org/en-US/docs/Web/HTTP/Status/500
INFO:httpx:HTTP Request: POST http://localhost:8001/detect/batch "HTTP/1.1 500 Internal Server Error"
ERROR:ingest_api:L1 batch error at http://localhost:8001: Server error '500 Internal Server Error' for url 'http://localhost:8001/detect/batch'
For more information check: https://developer.mozilla.org/en-US/docs/Web/HTTP/Status/500
INFO:httpx:HTTP Request: POST http://localhost:8001/detect/batch "HTTP/1.1 500 Internal Server Error"
ERROR:ingest_api:L1 batch error at http://localhost:8001: Server error '500 Internal Server Error' for url 'http://localhost:8001/detect/batch'
For more information check: https://developer.mozilla.org/en-US/docs/Web/HTTP/Status/500
INFO:httpx:HTTP Request: POST http://localhost:8001/detect/batch "HTTP/1.1 500 Internal Server Error"
ERROR:ingest_api:L1 batch error at http://localhost:8001: Server error '500 Internal Server Error' for url 'http://localhost:8001/detect/batch'
For more information check: https://developer.mozilla.org/en-US/docs/Web/HTTP/Status/500
INFO:ingest_api:[34E48EE7] L1 detection: 0 results in 619ms
INFO:ingest_api:[34E48EE7] Verdict: 0 anomalous, 0 benign
INFO:shared.kafka_client:Sent to immunex_raw_alerts partition 0 offset 33
INFO:ingest_api:[34E48EE7] Complete: 649ms, 1542 logs/s
INFO:     127.0.0.1:40506 - "POST /ingest/batch HTTP/1.1" 200 OK
INFO:ingest_api:[AFECF372] Bulk ingest: 1000 logs
INFO:ingest_api:[AFECF372] Normalized 1000/1000 in 17ms (60480 logs/s)
INFO:ingest_api:[AFECF372] Dedup: removed 800, 200 unique remaining
INFO:httpx:HTTP Request: POST http://localhost:8001/detect/batch "HTTP/1.1 500 Internal Server Error"
ERROR:ingest_api:L1 batch error at http://localhost:8001: Server error '500 Internal Server Error' for url 'http://localhost:8001/detect/batch'
For more information check: https://developer.mozilla.org/en-US/docs/Web/HTTP/Status/500
INFO:httpx:HTTP Request: POST http://localhost:8001/detect/batch "HTTP/1.1 500 Internal Server Error"
ERROR:ingest_api:L1 batch error at http://localhost:8001: Server error '500 Internal Server Error' for url 'http://localhost:8001/detect/batch'
For more information check: https://developer.mozilla.org/en-US/docs/Web/HTTP/Status/500
INFO:httpx:HTTP Request: POST http://localhost:8001/detect/batch "HTTP/1.1 500 Internal Server Error"
ERROR:ingest_api:L1 batch error at http://localhost:8001: Server error '500 Internal Server Error' for url 'http://localhost:8001/detect/batch'
For more information check: https://developer.mozilla.org/en-US/docs/Web/HTTP/Status/500
INFO:httpx:HTTP Request: POST http://localhost:8001/detect/batch "HTTP/1.1 500 Internal Server Error"
ERROR:ingest_api:L1 batch error at http://localhost:8001: Server error '500 Internal Server Error' for url 'http://localhost:8001/detect/batch'
For more information check: https://developer.mozilla.org/en-US/docs/Web/HTTP/Status/500
INFO:httpx:HTTP Request: POST http://localhost:8001/detect/batch "HTTP/1.1 500 Internal Server Error"
ERROR:ingest_api:L1 batch error at http://localhost:8001: Server error '500 Internal Server Error' for url 'http://localhost:8001/detect/batch'
For more information check: https://developer.mozilla.org/en-US/docs/Web/HTTP/Status/500
INFO:httpx:HTTP Request: POST http://localhost:8001/detect/batch "HTTP/1.1 500 Internal Server Error"
ERROR:ingest_api:L1 batch error at http://localhost:8001: Server error '500 Internal Server Error' for url 'http://localhost:8001/detect/batch'
For more information check: https://developer.mozilla.org/en-US/docs/Web/HTTP/Status/500
INFO:httpx:HTTP Request: POST http://localhost:8001/detect/batch "HTTP/1.1 500 Internal Server Error"
ERROR:ingest_api:L1 batch error at http://localhost:8001: Server error '500 Internal Server Error' for url 'http://localhost:8001/detect/batch'
For more information check: https://developer.mozilla.org/en-US/docs/Web/HTTP/Status/500
INFO:ingest_api:[AFECF372] L1 detection: 0 results in 121ms
INFO:ingest_api:[AFECF372] Verdict: 0 anomalous, 0 benign
INFO:shared.kafka_client:Sent to immunex_raw_alerts partition 0 offset 34
INFO:ingest_api:[AFECF372] Complete: 149ms, 6714 logs/s
INFO:     127.0.0.1:40520 - "POST /ingest/batch HTTP/1.1" 200 OK
INFO:ingest_api:[2E61A200] Bulk ingest: 5000 logs
INFO:ingest_api:[2E61A200] Normalized 5000/5000 in 83ms (60338 logs/s)
INFO:ingest_api:[2E61A200] Dedup: removed 4000, 1000 unique remaining
INFO:httpx:HTTP Request: POST http://localhost:8001/detect/batch "HTTP/1.1 500 Internal Server Error"
ERROR:ingest_api:L1 batch error at http://localhost:8001: Server error '500 Internal Server Error' for url 'http://localhost:8001/detect/batch'
For more information check: https://developer.mozilla.org/en-US/docs/Web/HTTP/Status/500
INFO:httpx:HTTP Request: POST http://localhost:8001/detect/batch "HTTP/1.1 500 Internal Server Error"
ERROR:ingest_api:L1 batch error at http://localhost:8001: Server error '500 Internal Server Error' for url 'http://localhost:8001/detect/batch'
For more information check: https://developer.mozilla.org/en-US/docs/Web/HTTP/Status/500
INFO:httpx:HTTP Request: POST http://localhost:8001/detect/batch "HTTP/1.1 500 Internal Server Error"
ERROR:ingest_api:L1 batch error at http://localhost:8001: Server error '500 Internal Server Error' for url 'http://localhost:8001/detect/batch'
For more information check: https://developer.mozilla.org/en-US/docs/Web/HTTP/Status/500
INFO:httpx:HTTP Request: POST http://localhost:8001/detect/batch "HTTP/1.1 500 Internal Server Error"
ERROR:ingest_api:L1 batch error at http://localhost:8001: Server error '500 Internal Server Error' for url 'http://localhost:8001/detect/batch'
For more information check: https://developer.mozilla.org/en-US/docs/Web/HTTP/Status/500
INFO:httpx:HTTP Request: POST http://localhost:8001/detect/batch "HTTP/1.1 500 Internal Server Error"
ERROR:ingest_api:L1 batch error at http://localhost:8001: Server error '500 Internal Server Error' for url 'http://localhost:8001/detect/batch'
For more information check: https://developer.mozilla.org/en-US/docs/Web/HTTP/Status/500
INFO:httpx:HTTP Request: POST http://localhost:8001/detect/batch "HTTP/1.1 500 Internal Server Error"
ERROR:ingest_api:L1 batch error at http://localhost:8001: Server error '500 Internal Server Error' for url 'http://localhost:8001/detect/batch'
For more information check: https://developer.mozilla.org/en-US/docs/Web/HTTP/Status/500
INFO:httpx:HTTP Request: POST http://localhost:8001/detect/batch "HTTP/1.1 500 Internal Server Error"
ERROR:ingest_api:L1 batch error at http://localhost:8001: Server error '500 Internal Server Error' for url 'http://localhost:8001/detect/batch'
For more information check: https://developer.mozilla.org/en-US/docs/Web/HTTP/Status/500
INFO:httpx:HTTP Request: POST http://localhost:8001/detect/batch "HTTP/1.1 500 Internal Server Error"
ERROR:ingest_api:L1 batch error at http://localhost:8001: Server error '500 Internal Server Error' for url 'http://localhost:8001/detect/batch'
For more information check: https://developer.mozilla.org/en-US/docs/Web/HTTP/Status/500
INFO:httpx:HTTP Request: POST http://localhost:8001/detect/batch "HTTP/1.1 500 Internal Server Error"
ERROR:ingest_api:L1 batch error at http://localhost:8001: Server error '500 Internal Server Error' for url 'http://localhost:8001/detect/batch'
For more information check: https://developer.mozilla.org/en-US/docs/Web/HTTP/Status/500
INFO:httpx:HTTP Request: POST http://localhost:8001/detect/batch "HTTP/1.1 500 Internal Server Error"
ERROR:ingest_api:L1 batch error at http://localhost:8001: Server error '500 Internal Server Error' for url 'http://localhost:8001/detect/batch'
For more information check: https://developer.mozilla.org/en-US/docs/Web/HTTP/Status/500
INFO:httpx:HTTP Request: POST http://localhost:8001/detect/batch "HTTP/1.1 500 Internal Server Error"
ERROR:ingest_api:L1 batch error at http://localhost:8001: Server error '500 Internal Server Error' for url 'http://localhost:8001/detect/batch'
For more information check: https://developer.mozilla.org/en-US/docs/Web/HTTP/Status/500
INFO:httpx:HTTP Request: POST http://localhost:8001/detect/batch "HTTP/1.1 500 Internal Server Error"
ERROR:ingest_api:L1 batch error at http://localhost:8001: Server error '500 Internal Server Error' for url 'http://localhost:8001/detect/batch'
For more information check: https://developer.mozilla.org/en-US/docs/Web/HTTP/Status/500
INFO:httpx:HTTP Request: POST http://localhost:8001/detect/batch "HTTP/1.1 500 Internal Server Error"
ERROR:ingest_api:L1 batch error at http://localhost:8001: Server error '500 Internal Server Error' for url 'http://localhost:8001/detect/batch'
For more information check: https://developer.mozilla.org/en-US/docs/Web/HTTP/Status/500
INFO:httpx:HTTP Request: POST http://localhost:8001/detect/batch "HTTP/1.1 500 Internal Server Error"
ERROR:ingest_api:L1 batch error at http://localhost:8001: Server error '500 Internal Server Error' for url 'http://localhost:8001/detect/batch'
For more information check: https://developer.mozilla.org/en-US/docs/Web/HTTP/Status/500
INFO:httpx:HTTP Request: POST http://localhost:8001/detect/batch "HTTP/1.1 500 Internal Server Error"
ERROR:ingest_api:L1 batch error at http://localhost:8001: Server error '500 Internal Server Error' for url 'http://localhost:8001/detect/batch'
For more information check: https://developer.mozilla.org/en-US/docs/Web/HTTP/Status/500
INFO:httpx:HTTP Request: POST http://localhost:8001/detect/batch "HTTP/1.1 500 Internal Server Error"
ERROR:ingest_api:L1 batch error at http://localhost:8001: Server error '500 Internal Server Error' for url 'http://localhost:8001/detect/batch'
For more information check: https://developer.mozilla.org/en-US/docs/Web/HTTP/Status/500
INFO:httpx:HTTP Request: POST http://localhost:8001/detect/batch "HTTP/1.1 500 Internal Server Error"
ERROR:ingest_api:L1 batch error at http://localhost:8001: Server error '500 Internal Server Error' for url 'http://localhost:8001/detect/batch'
For more information check: https://developer.mozilla.org/en-US/docs/Web/HTTP/Status/500
INFO:httpx:HTTP Request: POST http://localhost:8001/detect/batch "HTTP/1.1 500 Internal Server Error"
ERROR:ingest_api:L1 batch error at http://localhost:8001: Server error '500 Internal Server Error' for url 'http://localhost:8001/detect/batch'
For more information check: https://developer.mozilla.org/en-US/docs/Web/HTTP/Status/500
INFO:httpx:HTTP Request: POST http://localhost:8001/detect/batch "HTTP/1.1 500 Internal Server Error"
ERROR:ingest_api:L1 batch error at http://localhost:8001: Server error '500 Internal Server Error' for url 'http://localhost:8001/detect/batch'
For more information check: https://developer.mozilla.org/en-US/docs/Web/HTTP/Status/500
INFO:httpx:HTTP Request: POST http://localhost:8001/detect/batch "HTTP/1.1 500 Internal Server Error"
ERROR:ingest_api:L1 batch error at http://localhost:8001: Server error '500 Internal Server Error' for url 'http://localhost:8001/detect/batch'
For more information check: https://developer.mozilla.org/en-US/docs/Web/HTTP/Status/500
INFO:httpx:HTTP Request: POST http://localhost:8001/detect/batch "HTTP/1.1 500 Internal Server Error"
ERROR:ingest_api:L1 batch error at http://localhost:8001: Server error '500 Internal Server Error' for url 'http://localhost:8001/detect/batch'
For more information check: https://developer.mozilla.org/en-US/docs/Web/HTTP/Status/500
INFO:httpx:HTTP Request: POST http://localhost:8001/detect/batch "HTTP/1.1 500 Internal Server Error"
ERROR:ingest_api:L1 batch error at http://localhost:8001: Server error '500 Internal Server Error' for url 'http://localhost:8001/detect/batch'
For more information check: https://developer.mozilla.org/en-US/docs/Web/HTTP/Status/500
INFO:httpx:HTTP Request: POST http://localhost:8001/detect/batch "HTTP/1.1 500 Internal Server Error"
ERROR:ingest_api:L1 batch error at http://localhost:8001: Server error '500 Internal Server Error' for url 'http://localhost:8001/detect/batch'
For more information check: https://developer.mozilla.org/en-US/docs/Web/HTTP/Status/500
INFO:httpx:HTTP Request: POST http://localhost:8001/detect/batch "HTTP/1.1 500 Internal Server Error"
ERROR:ingest_api:L1 batch error at http://localhost:8001: Server error '500 Internal Server Error' for url 'http://localhost:8001/detect/batch'
For more information check: https://developer.mozilla.org/en-US/docs/Web/HTTP/Status/500
INFO:httpx:HTTP Request: POST http://localhost:8001/detect/batch "HTTP/1.1 500 Internal Server Error"
ERROR:ingest_api:L1 batch error at http://localhost:8001: Server error '500 Internal Server Error' for url 'http://localhost:8001/detect/batch'
For more information check: https://developer.mozilla.org/en-US/docs/Web/HTTP/Status/500
INFO:httpx:HTTP Request: POST http://localhost:8001/detect/batch "HTTP/1.1 500 Internal Server Error"
ERROR:ingest_api:L1 batch error at http://localhost:8001: Server error '500 Internal Server Error' for url 'http://localhost:8001/detect/batch'
For more information check: https://developer.mozilla.org/en-US/docs/Web/HTTP/Status/500
INFO:httpx:HTTP Request: POST http://localhost:8001/detect/batch "HTTP/1.1 500 Internal Server Error"
ERROR:ingest_api:L1 batch error at http://localhost:8001: Server error '500 Internal Server Error' for url 'http://localhost:8001/detect/batch'
For more information check: https://developer.mozilla.org/en-US/docs/Web/HTTP/Status/500
INFO:httpx:HTTP Request: POST http://localhost:8001/detect/batch "HTTP/1.1 500 Internal Server Error"
ERROR:ingest_api:L1 batch error at http://localhost:8001: Server error '500 Internal Server Error' for url 'http://localhost:8001/detect/batch'
For more information check: https://developer.mozilla.org/en-US/docs/Web/HTTP/Status/500
INFO:httpx:HTTP Request: POST http://localhost:8001/detect/batch "HTTP/1.1 500 Internal Server Error"
ERROR:ingest_api:L1 batch error at http://localhost:8001: Server error '500 Internal Server Error' for url 'http://localhost:8001/detect/batch'
For more information check: https://developer.mozilla.org/en-US/docs/Web/HTTP/Status/500
INFO:httpx:HTTP Request: POST http://localhost:8001/detect/batch "HTTP/1.1 500 Internal Server Error"
ERROR:ingest_api:L1 batch error at http://localhost:8001: Server error '500 Internal Server Error' for url 'http://localhost:8001/detect/batch'
For more information check: https://developer.mozilla.org/en-US/docs/Web/HTTP/Status/500
INFO:httpx:HTTP Request: POST http://localhost:8001/detect/batch "HTTP/1.1 500 Internal Server Error"
ERROR:ingest_api:L1 batch error at http://localhost:8001: Server error '500 Internal Server Error' for url 'http://localhost:8001/detect/batch'
For more information check: https://developer.mozilla.org/en-US/docs/Web/HTTP/Status/500
INFO:httpx:HTTP Request: POST http://localhost:8001/detect/batch "HTTP/1.1 500 Internal Server Error"
ERROR:ingest_api:L1 batch error at http://localhost:8001: Server error '500 Internal Server Error' for url 'http://localhost:8001/detect/batch'
For more information check: https://developer.mozilla.org/en-US/docs/Web/HTTP/Status/500
INFO:ingest_api:[2E61A200] L1 detection: 0 results in 718ms
INFO:ingest_api:[2E61A200] Verdict: 0 anomalous, 0 benign
INFO:shared.kafka_client:Sent to immunex_raw_alerts partition 0 offset 35
INFO:ingest_api:[2E61A200] Complete: 840ms, 5954 logs/s
INFO:     127.0.0.1:40522 - "POST /ingest/batch HTTP/1.1" 200 OK
INFO:ingest_api:[960CAC54] Bulk ingest: 10000 logs
INFO:ingest_api:[960CAC54] Normalized 10000/10000 in 174ms (57546 logs/s)
INFO:ingest_api:[960CAC54] Dedup: removed 8000, 2000 unique remaining
INFO:httpx:HTTP Request: POST http://localhost:8001/detect/batch "HTTP/1.1 500 Internal Server Error"
ERROR:ingest_api:L1 batch error at http://localhost:8001: Server error '500 Internal Server Error' for url 'http://localhost:8001/detect/batch'
For more information check: https://developer.mozilla.org/en-US/docs/Web/HTTP/Status/500
INFO:httpx:HTTP Request: POST http://localhost:8001/detect/batch "HTTP/1.1 500 Internal Server Error"
ERROR:ingest_api:L1 batch error at http://localhost:8001: Server error '500 Internal Server Error' for url 'http://localhost:8001/detect/batch'
For more information check: https://developer.mozilla.org/en-US/docs/Web/HTTP/Status/500
INFO:httpx:HTTP Request: POST http://localhost:8001/detect/batch "HTTP/1.1 500 Internal Server Error"
ERROR:ingest_api:L1 batch error at http://localhost:8001: Server error '500 Internal Server Error' for url 'http://localhost:8001/detect/batch'
For more information check: https://developer.mozilla.org/en-US/docs/Web/HTTP/Status/500
INFO:httpx:HTTP Request: POST http://localhost:8001/detect/batch "HTTP/1.1 500 Internal Server Error"
ERROR:ingest_api:L1 batch error at http://localhost:8001: Server error '500 Internal Server Error' for url 'http://localhost:8001/detect/batch'
For more information check: https://developer.mozilla.org/en-US/docs/Web/HTTP/Status/500
INFO:httpx:HTTP Request: POST http://localhost:8001/detect/batch "HTTP/1.1 500 Internal Server Error"
ERROR:ingest_api:L1 batch error at http://localhost:8001: Server error '500 Internal Server Error' for url 'http://localhost:8001/detect/batch'
For more information check: https://developer.mozilla.org/en-US/docs/Web/HTTP/Status/500
INFO:httpx:HTTP Request: POST http://localhost:8001/detect/batch "HTTP/1.1 500 Internal Server Error"
ERROR:ingest_api:L1 batch error at http://localhost:8001: Server error '500 Internal Server Error' for url 'http://localhost:8001/detect/batch'
For more information check: https://developer.mozilla.org/en-US/docs/Web/HTTP/Status/500
INFO:httpx:HTTP Request: POST http://localhost:8001/detect/batch "HTTP/1.1 500 Internal Server Error"
ERROR:ingest_api:L1 batch error at http://localhost:8001: Server error '500 Internal Server Error' for url 'http://localhost:8001/detect/batch'
For more information check: https://developer.mozilla.org/en-US/docs/Web/HTTP/Status/500
INFO:httpx:HTTP Request: POST http://localhost:8001/detect/batch "HTTP/1.1 500 Internal Server Error"
ERROR:ingest_api:L1 batch error at http://localhost:8001: Server error '500 Internal Server Error' for url 'http://localhost:8001/detect/batch'
For more information check: https://developer.mozilla.org/en-US/docs/Web/HTTP/Status/500
INFO:httpx:HTTP Request: POST http://localhost:8001/detect/batch "HTTP/1.1 500 Internal Server Error"
ERROR:ingest_api:L1 batch error at http://localhost:8001: Server error '500 Internal Server Error' for url 'http://localhost:8001/detect/batch'
For more information check: https://developer.mozilla.org/en-US/docs/Web/HTTP/Status/500
INFO:httpx:HTTP Request: POST http://localhost:8001/detect/batch "HTTP/1.1 500 Internal Server Error"
ERROR:ingest_api:L1 batch error at http://localhost:8001: Server error '500 Internal Server Error' for url 'http://localhost:8001/detect/batch'
For more information check: https://developer.mozilla.org/en-US/docs/Web/HTTP/Status/500
INFO:httpx:HTTP Request: POST http://localhost:8001/detect/batch "HTTP/1.1 500 Internal Server Error"
ERROR:ingest_api:L1 batch error at http://localhost:8001: Server error '500 Internal Server Error' for url 'http://localhost:8001/detect/batch'
For more information check: https://developer.mozilla.org/en-US/docs/Web/HTTP/Status/500
INFO:httpx:HTTP Request: POST http://localhost:8001/detect/batch "HTTP/1.1 500 Internal Server Error"
ERROR:ingest_api:L1 batch error at http://localhost:8001: Server error '500 Internal Server Error' for url 'http://localhost:8001/detect/batch'
For more information check: https://developer.mozilla.org/en-US/docs/Web/HTTP/Status/500
INFO:httpx:HTTP Request: POST http://localhost:8001/detect/batch "HTTP/1.1 500 Internal Server Error"
ERROR:ingest_api:L1 batch error at http://localhost:8001: Server error '500 Internal Server Error' for url 'http://localhost:8001/detect/batch'
For more information check: https://developer.mozilla.org/en-US/docs/Web/HTTP/Status/500
INFO:httpx:HTTP Request: POST http://localhost:8001/detect/batch "HTTP/1.1 500 Internal Server Error"
ERROR:ingest_api:L1 batch error at http://localhost:8001: Server error '500 Internal Server Error' for url 'http://localhost:8001/detect/batch'
For more information check: https://developer.mozilla.org/en-US/docs/Web/HTTP/Status/500
INFO:httpx:HTTP Request: POST http://localhost:8001/detect/batch "HTTP/1.1 500 Internal Server Error"
ERROR:ingest_api:L1 batch error at http://localhost:8001: Server error '500 Internal Server Error' for url 'http://localhost:8001/detect/batch'
For more information check: https://developer.mozilla.org/en-US/docs/Web/HTTP/Status/500
INFO:httpx:HTTP Request: POST http://localhost:8001/detect/batch "HTTP/1.1 500 Internal Server Error"
ERROR:ingest_api:L1 batch error at http://localhost:8001: Server error '500 Internal Server Error' for url 'http://localhost:8001/detect/batch'
For more information check: https://developer.mozilla.org/en-US/docs/Web/HTTP/Status/500
INFO:httpx:HTTP Request: POST http://localhost:8001/detect/batch "HTTP/1.1 500 Internal Server Error"
ERROR:ingest_api:L1 batch error at http://localhost:8001: Server error '500 Internal Server Error' for url 'http://localhost:8001/detect/batch'
For more information check: https://developer.mozilla.org/en-US/docs/Web/HTTP/Status/500
INFO:httpx:HTTP Request: POST http://localhost:8001/detect/batch "HTTP/1.1 500 Internal Server Error"
ERROR:ingest_api:L1 batch error at http://localhost:8001: Server error '500 Internal Server Error' for url 'http://localhost:8001/detect/batch'
For more information check: https://developer.mozilla.org/en-US/docs/Web/HTTP/Status/500
INFO:httpx:HTTP Request: POST http://localhost:8001/detect/batch "HTTP/1.1 500 Internal Server Error"
ERROR:ingest_api:L1 batch error at http://localhost:8001: Server error '500 Internal Server Error' for url 'http://localhost:8001/detect/batch'
For more information check: https://developer.mozilla.org/en-US/docs/Web/HTTP/Status/500
INFO:httpx:HTTP Request: POST http://localhost:8001/detect/batch "HTTP/1.1 500 Internal Server Error"
ERROR:ingest_api:L1 batch error at http://localhost:8001: Server error '500 Internal Server Error' for url 'http://localhost:8001/detect/batch'
For more information check: https://developer.mozilla.org/en-US/docs/Web/HTTP/Status/500
INFO:httpx:HTTP Request: POST http://localhost:8001/detect/batch "HTTP/1.1 500 Internal Server Error"
ERROR:ingest_api:L1 batch error at http://localhost:8001: Server error '500 Internal Server Error' for url 'http://localhost:8001/detect/batch'
For more information check: https://developer.mozilla.org/en-US/docs/Web/HTTP/Status/500
INFO:httpx:HTTP Request: POST http://localhost:8001/detect/batch "HTTP/1.1 500 Internal Server Error"
ERROR:ingest_api:L1 batch error at http://localhost:8001: Server error '500 Internal Server Error' for url 'http://localhost:8001/detect/batch'
For more information check: https://developer.mozilla.org/en-US/docs/Web/HTTP/Status/500
INFO:httpx:HTTP Request: POST http://localhost:8001/detect/batch "HTTP/1.1 500 Internal Server Error"
ERROR:ingest_api:L1 batch error at http://localhost:8001: Server error '500 Internal Server Error' for url 'http://localhost:8001/detect/batch'
For more information check: https://developer.mozilla.org/en-US/docs/Web/HTTP/Status/500
INFO:httpx:HTTP Request: POST http://localhost:8001/detect/batch "HTTP/1.1 500 Internal Server Error"
ERROR:ingest_api:L1 batch error at http://localhost:8001: Server error '500 Internal Server Error' for url 'http://localhost:8001/detect/batch'
For more information check: https://developer.mozilla.org/en-US/docs/Web/HTTP/Status/500
INFO:httpx:HTTP Request: POST http://localhost:8001/detect/batch "HTTP/1.1 500 Internal Server Error"
ERROR:ingest_api:L1 batch error at http://localhost:8001: Server error '500 Internal Server Error' for url 'http://localhost:8001/detect/batch'
For more information check: https://developer.mozilla.org/en-US/docs/Web/HTTP/Status/500
INFO:httpx:HTTP Request: POST http://localhost:8001/detect/batch "HTTP/1.1 500 Internal Server Error"
ERROR:ingest_api:L1 batch error at http://localhost:8001: Server error '500 Internal Server Error' for url 'http://localhost:8001/detect/batch'
For more information check: https://developer.mozilla.org/en-US/docs/Web/HTTP/Status/500
INFO:httpx:HTTP Request: POST http://localhost:8001/detect/batch "HTTP/1.1 500 Internal Server Error"
ERROR:ingest_api:L1 batch error at http://localhost:8001: Server error '500 Internal Server Error' for url 'http://localhost:8001/detect/batch'
For more information check: https://developer.mozilla.org/en-US/docs/Web/HTTP/Status/500
INFO:httpx:HTTP Request: POST http://localhost:8001/detect/batch "HTTP/1.1 500 Internal Server Error"
ERROR:ingest_api:L1 batch error at http://localhost:8001: Server error '500 Internal Server Error' for url 'http://localhost:8001/detect/batch'
For more information check: https://developer.mozilla.org/en-US/docs/Web/HTTP/Status/500
INFO:httpx:HTTP Request: POST http://localhost:8001/detect/batch "HTTP/1.1 500 Internal Server Error"
ERROR:ingest_api:L1 batch error at http://localhost:8001: Server error '500 Internal Server Error' for url 'http://localhost:8001/detect/batch'
For more information check: https://developer.mozilla.org/en-US/docs/Web/HTTP/Status/500
INFO:httpx:HTTP Request: POST http://localhost:8001/detect/batch "HTTP/1.1 500 Internal Server Error"
ERROR:ingest_api:L1 batch error at http://localhost:8001: Server error '500 Internal Server Error' for url 'http://localhost:8001/detect/batch'
For more information check: https://developer.mozilla.org/en-US/docs/Web/HTTP/Status/500
INFO:httpx:HTTP Request: POST http://localhost:8001/detect/batch "HTTP/1.1 500 Internal Server Error"
ERROR:ingest_api:L1 batch error at http://localhost:8001: Server error '500 Internal Server Error' for url 'http://localhost:8001/detect/batch'
For more information check: https://developer.mozilla.org/en-US/docs/Web/HTTP/Status/500
INFO:httpx:HTTP Request: POST http://localhost:8001/detect/batch "HTTP/1.1 500 Internal Server Error"
ERROR:ingest_api:L1 batch error at http://localhost:8001: Server error '500 Internal Server Error' for url 'http://localhost:8001/detect/batch'
For more information check: https://developer.mozilla.org/en-US/docs/Web/HTTP/Status/500
INFO:httpx:HTTP Request: POST http://localhost:8001/detect/batch "HTTP/1.1 500 Internal Server Error"
ERROR:ingest_api:L1 batch error at http://localhost:8001: Server error '500 Internal Server Error' for url 'http://localhost:8001/detect/batch'
For more information check: https://developer.mozilla.org/en-US/docs/Web/HTTP/Status/500
INFO:httpx:HTTP Request: POST http://localhost:8001/detect/batch "HTTP/1.1 500 Internal Server Error"
ERROR:ingest_api:L1 batch error at http://localhost:8001: Server error '500 Internal Server Error' for url 'http://localhost:8001/detect/batch'
For more information check: https://developer.mozilla.org/en-US/docs/Web/HTTP/Status/500
INFO:httpx:HTTP Request: POST http://localhost:8001/detect/batch "HTTP/1.1 500 Internal Server Error"
ERROR:ingest_api:L1 batch error at http://localhost:8001: Server error '500 Internal Server Error' for url 'http://localhost:8001/detect/batch'
For more information check: https://developer.mozilla.org/en-US/docs/Web/HTTP/Status/500
INFO:httpx:HTTP Request: POST http://localhost:8001/detect/batch "HTTP/1.1 500 Internal Server Error"
ERROR:ingest_api:L1 batch error at http://localhost:8001: Server error '500 Internal Server Error' for url 'http://localhost:8001/detect/batch'
For more information check: https://developer.mozilla.org/en-US/docs/Web/HTTP/Status/500
INFO:httpx:HTTP Request: POST http://localhost:8001/detect/batch "HTTP/1.1 500 Internal Server Error"
ERROR:ingest_api:L1 batch error at http://localhost:8001: Server error '500 Internal Server Error' for url 'http://localhost:8001/detect/batch'
For more information check: https://developer.mozilla.org/en-US/docs/Web/HTTP/Status/500
INFO:httpx:HTTP Request: POST http://localhost:8001/detect/batch "HTTP/1.1 500 Internal Server Error"
ERROR:ingest_api:L1 batch error at http://localhost:8001: Server error '500 Internal Server Error' for url 'http://localhost:8001/detect/batch'
For more information check: https://developer.mozilla.org/en-US/docs/Web/HTTP/Status/500
INFO:httpx:HTTP Request: POST http://localhost:8001/detect/batch "HTTP/1.1 500 Internal Server Error"
ERROR:ingest_api:L1 batch error at http://localhost:8001: Server error '500 Internal Server Error' for url 'http://localhost:8001/detect/batch'
For more information check: https://developer.mozilla.org/en-US/docs/Web/HTTP/Status/500
INFO:httpx:HTTP Request: POST http://localhost:8001/detect/batch "HTTP/1.1 500 Internal Server Error"
ERROR:ingest_api:L1 batch error at http://localhost:8001: Server error '500 Internal Server Error' for url 'http://localhost:8001/detect/batch'
For more information check: https://developer.mozilla.org/en-US/docs/Web/HTTP/Status/500
INFO:httpx:HTTP Request: POST http://localhost:8001/detect/batch "HTTP/1.1 500 Internal Server Error"
ERROR:ingest_api:L1 batch error at http://localhost:8001: Server error '500 Internal Server Error' for url 'http://localhost:8001/detect/batch'
For more information check: https://developer.mozilla.org/en-US/docs/Web/HTTP/Status/500
INFO:httpx:HTTP Request: POST http://localhost:8001/detect/batch "HTTP/1.1 500 Internal Server Error"
ERROR:ingest_api:L1 batch error at http://localhost:8001: Server error '500 Internal Server Error' for url 'http://localhost:8001/detect/batch'
For more information check: https://developer.mozilla.org/en-US/docs/Web/HTTP/Status/500
INFO:httpx:HTTP Request: POST http://localhost:8001/detect/batch "HTTP/1.1 500 Internal Server Error"
ERROR:ingest_api:L1 batch error at http://localhost:8001: Server error '500 Internal Server Error' for url 'http://localhost:8001/detect/batch'
For more information check: https://developer.mozilla.org/en-US/docs/Web/HTTP/Status/500
INFO:httpx:HTTP Request: POST http://localhost:8001/detect/batch "HTTP/1.1 500 Internal Server Error"
ERROR:ingest_api:L1 batch error at http://localhost:8001: Server error '500 Internal Server Error' for url 'http://localhost:8001/detect/batch'
For more information check: https://developer.mozilla.org/en-US/docs/Web/HTTP/Status/500
INFO:httpx:HTTP Request: POST http://localhost:8001/detect/batch "HTTP/1.1 500 Internal Server Error"
ERROR:ingest_api:L1 batch error at http://localhost:8001: Server error '500 Internal Server Error' for url 'http://localhost:8001/detect/batch'
For more information check: https://developer.mozilla.org/en-US/docs/Web/HTTP/Status/500
INFO:httpx:HTTP Request: POST http://localhost:8001/detect/batch "HTTP/1.1 500 Internal Server Error"
ERROR:ingest_api:L1 batch error at http://localhost:8001: Server error '500 Internal Server Error' for url 'http://localhost:8001/detect/batch'
For more information check: https://developer.mozilla.org/en-US/docs/Web/HTTP/Status/500
INFO:httpx:HTTP Request: POST http://localhost:8001/detect/batch "HTTP/1.1 500 Internal Server Error"
ERROR:ingest_api:L1 batch error at http://localhost:8001: Server error '500 Internal Server Error' for url 'http://localhost:8001/detect/batch'
For more information check: https://developer.mozilla.org/en-US/docs/Web/HTTP/Status/500
INFO:httpx:HTTP Request: POST http://localhost:8001/detect/batch "HTTP/1.1 500 Internal Server Error"
ERROR:ingest_api:L1 batch error at http://localhost:8001: Server error '500 Internal Server Error' for url 'http://localhost:8001/detect/batch'
For more information check: https://developer.mozilla.org/en-US/docs/Web/HTTP/Status/500
INFO:httpx:HTTP Request: POST http://localhost:8001/detect/batch "HTTP/1.1 500 Internal Server Error"
ERROR:ingest_api:L1 batch error at http://localhost:8001: Server error '500 Internal Server Error' for url 'http://localhost:8001/detect/batch'
For more information check: https://developer.mozilla.org/en-US/docs/Web/HTTP/Status/500
INFO:httpx:HTTP Request: POST http://localhost:8001/detect/batch "HTTP/1.1 500 Internal Server Error"
ERROR:ingest_api:L1 batch error at http://localhost:8001: Server error '500 Internal Server Error' for url 'http://localhost:8001/detect/batch'
For more information check: https://developer.mozilla.org/en-US/docs/Web/HTTP/Status/500
INFO:httpx:HTTP Request: POST http://localhost:8001/detect/batch "HTTP/1.1 500 Internal Server Error"
ERROR:ingest_api:L1 batch error at http://localhost:8001: Server error '500 Internal Server Error' for url 'http://localhost:8001/detect/batch'
For more information check: https://developer.mozilla.org/en-US/docs/Web/HTTP/Status/500
INFO:httpx:HTTP Request: POST http://localhost:8001/detect/batch "HTTP/1.1 500 Internal Server Error"
ERROR:ingest_api:L1 batch error at http://localhost:8001: Server error '500 Internal Server Error' for url 'http://localhost:8001/detect/batch'
For more information check: https://developer.mozilla.org/en-US/docs/Web/HTTP/Status/500
INFO:httpx:HTTP Request: POST http://localhost:8001/detect/batch "HTTP/1.1 500 Internal Server Error"
ERROR:ingest_api:L1 batch error at http://localhost:8001: Server error '500 Internal Server Error' for url 'http://localhost:8001/detect/batch'
For more information check: https://developer.mozilla.org/en-US/docs/Web/HTTP/Status/500
INFO:httpx:HTTP Request: POST http://localhost:8001/detect/batch "HTTP/1.1 500 Internal Server Error"
ERROR:ingest_api:L1 batch error at http://localhost:8001: Server error '500 Internal Server Error' for url 'http://localhost:8001/detect/batch'
For more information check: https://developer.mozilla.org/en-US/docs/Web/HTTP/Status/500
INFO:httpx:HTTP Request: POST http://localhost:8001/detect/batch "HTTP/1.1 500 Internal Server Error"
ERROR:ingest_api:L1 batch error at http://localhost:8001: Server error '500 Internal Server Error' for url 'http://localhost:8001/detect/batch'
For more information check: https://developer.mozilla.org/en-US/docs/Web/HTTP/Status/500
INFO:httpx:HTTP Request: POST http://localhost:8001/detect/batch "HTTP/1.1 500 Internal Server Error"
ERROR:ingest_api:L1 batch error at http://localhost:8001: Server error '500 Internal Server Error' for url 'http://localhost:8001/detect/batch'
For more information check: https://developer.mozilla.org/en-US/docs/Web/HTTP/Status/500
INFO:httpx:HTTP Request: POST http://localhost:8001/detect/batch "HTTP/1.1 500 Internal Server Error"
ERROR:ingest_api:L1 batch error at http://localhost:8001: Server error '500 Internal Server Error' for url 'http://localhost:8001/detect/batch'
For more information check: https://developer.mozilla.org/en-US/docs/Web/HTTP/Status/500
INFO:httpx:HTTP Request: POST http://localhost:8001/detect/batch "HTTP/1.1 500 Internal Server Error"
ERROR:ingest_api:L1 batch error at http://localhost:8001: Server error '500 Internal Server Error' for url 'http://localhost:8001/detect/batch'
For more information check: https://developer.mozilla.org/en-US/docs/Web/HTTP/Status/500
INFO:httpx:HTTP Request: POST http://localhost:8001/detect/batch "HTTP/1.1 500 Internal Server Error"
ERROR:ingest_api:L1 batch error at http://localhost:8001: Server error '500 Internal Server Error' for url 'http://localhost:8001/detect/batch'
For more information check: https://developer.mozilla.org/en-US/docs/Web/HTTP/Status/500
INFO:httpx:HTTP Request: POST http://localhost:8001/detect/batch "HTTP/1.1 500 Internal Server Error"
ERROR:ingest_api:L1 batch error at http://localhost:8001: Server error '500 Internal Server Error' for url 'http://localhost:8001/detect/batch'
For more information check: https://developer.mozilla.org/en-US/docs/Web/HTTP/Status/500
INFO:httpx:HTTP Request: POST http://localhost:8001/detect/batch "HTTP/1.1 500 Internal Server Error"
ERROR:ingest_api:L1 batch error at http://localhost:8001: Server error '500 Internal Server Error' for url 'http://localhost:8001/detect/batch'
For more information check: https://developer.mozilla.org/en-US/docs/Web/HTTP/Status/500
INFO:httpx:HTTP Request: POST http://localhost:8001/detect/batch "HTTP/1.1 500 Internal Server Error"
ERROR:ingest_api:L1 batch error at http://localhost:8001: Server error '500 Internal Server Error' for url 'http://localhost:8001/detect/batch'
For more information check: https://developer.mozilla.org/en-US/docs/Web/HTTP/Status/500
INFO:httpx:HTTP Request: POST http://localhost:8001/detect/batch "HTTP/1.1 500 Internal Server Error"
ERROR:ingest_api:L1 batch error at http://localhost:8001: Server error '500 Internal Server Error' for url 'http://localhost:8001/detect/batch'
For more information check: https://developer.mozilla.org/en-US/docs/Web/HTTP/Status/500
INFO:ingest_api:[960CAC54] L1 detection: 0 results in 1220ms
INFO:ingest_api:[960CAC54] Verdict: 0 anomalous, 0 benign
INFO:shared.kafka_client:Sent to immunex_raw_alerts partition 0 offset 36
INFO:ingest_api:[960CAC54] Complete: 1470ms, 6803 logs/s
INFO:     127.0.0.1:52694 - "POST /ingest/batch HTTP/1.1" 200 OK
INFO:ingest_api:[096E4381] Bulk ingest: 50000 logs
INFO:ingest_api:[096E4381] Normalized 50000/50000 in 898ms (55681 logs/s)
INFO:ingest_api:[096E4381] Dedup: removed 40000, 10000 unique remaining
INFO:httpx:HTTP Request: POST http://localhost:8001/detect/batch "HTTP/1.1 500 Internal Server Error"
ERROR:ingest_api:L1 batch error at http://localhost:8001: Server error '500 Internal Server Error' for url 'http://localhost:8001/detect/batch'
For more information check: https://developer.mozilla.org/en-US/docs/Web/HTTP/Status/500
INFO:httpx:HTTP Request: POST http://localhost:8001/detect/batch "HTTP/1.1 500 Internal Server Error"
ERROR:ingest_api:L1 batch error at http://localhost:8001: Server error '500 Internal Server Error' for url 'http://localhost:8001/detect/batch'
For more information check: https://developer.mozilla.org/en-US/docs/Web/HTTP/Status/500
INFO:httpx:HTTP Request: POST http://localhost:8001/detect/batch "HTTP/1.1 500 Internal Server Error"
INFO:httpx:HTTP Request: POST http://localhost:8001/detect/batch "HTTP/1.1 500 Internal Server Error"
INFO:httpx:HTTP Request: POST http://localhost:8001/detect/batch "HTTP/1.1 500 Internal Server Error"
INFO:httpx:HTTP Request: POST http://localhost:8001/detect/batch "HTTP/1.1 500 Internal Server Error"
ERROR:ingest_api:L1 batch error at http://localhost:8001: Server error '500 Internal Server Error' for url 'http://localhost:8001/detect/batch'
For more information check: https://developer.mozilla.org/en-US/docs/Web/HTTP/Status/500
ERROR:ingest_api:L1 batch error at http://localhost:8001: Server error '500 Internal Server Error' for url 'http://localhost:8001/detect/batch'
For more information check: https://developer.mozilla.org/en-US/docs/Web/HTTP/Status/500
ERROR:ingest_api:L1 batch error at http://localhost:8001: Server error '500 Internal Server Error' for url 'http://localhost:8001/detect/batch'
For more information check: https://developer.mozilla.org/en-US/docs/Web/HTTP/Status/500
ERROR:ingest_api:L1 batch error at http://localhost:8001: Server error '500 Internal Server Error' for url 'http://localhost:8001/detect/batch'
For more information check: https://developer.mozilla.org/en-US/docs/Web/HTTP/Status/500
INFO:httpx:HTTP Request: POST http://localhost:8001/detect/batch "HTTP/1.1 500 Internal Server Error"
INFO:httpx:HTTP Request: POST http://localhost:8001/detect/batch "HTTP/1.1 500 Internal Server Error"
ERROR:ingest_api:L1 batch error at http://localhost:8001: Server error '500 Internal Server Error' for url 'http://localhost:8001/detect/batch'
For more information check: https://developer.mozilla.org/en-US/docs/Web/HTTP/Status/500
ERROR:ingest_api:L1 batch error at http://localhost:8001: Server error '500 Internal Server Error' for url 'http://localhost:8001/detect/batch'
For more information check: https://developer.mozilla.org/en-US/docs/Web/HTTP/Status/500
INFO:httpx:HTTP Request: POST http://localhost:8001/detect/batch "HTTP/1.1 500 Internal Server Error"
INFO:httpx:HTTP Request: POST http://localhost:8001/detect/batch "HTTP/1.1 500 Internal Server Error"
INFO:httpx:HTTP Request: POST http://localhost:8001/detect/batch "HTTP/1.1 500 Internal Server Error"
INFO:httpx:HTTP Request: POST http://localhost:8001/detect/batch "HTTP/1.1 500 Internal Server Error"
INFO:httpx:HTTP Request: POST http://localhost:8001/detect/batch "HTTP/1.1 500 Internal Server Error"
INFO:httpx:HTTP Request: POST http://localhost:8001/detect/batch "HTTP/1.1 500 Internal Server Error"
INFO:httpx:HTTP Request: POST http://localhost:8001/detect/batch "HTTP/1.1 500 Internal Server Error"
ERROR:ingest_api:L1 batch error at http://localhost:8001: Server error '500 Internal Server Error' for url 'http://localhost:8001/detect/batch'
For more information check: https://developer.mozilla.org/en-US/docs/Web/HTTP/Status/500
ERROR:ingest_api:L1 batch error at http://localhost:8001: Server error '500 Internal Server Error' for url 'http://localhost:8001/detect/batch'
For more information check: https://developer.mozilla.org/en-US/docs/Web/HTTP/Status/500
ERROR:ingest_api:L1 batch error at http://localhost:8001: Server error '500 Internal Server Error' for url 'http://localhost:8001/detect/batch'
For more information check: https://developer.mozilla.org/en-US/docs/Web/HTTP/Status/500
ERROR:ingest_api:L1 batch error at http://localhost:8001: Server error '500 Internal Server Error' for url 'http://localhost:8001/detect/batch'
For more information check: https://developer.mozilla.org/en-US/docs/Web/HTTP/Status/500
ERROR:ingest_api:L1 batch error at http://localhost:8001: Server error '500 Internal Server Error' for url 'http://localhost:8001/detect/batch'
For more information check: https://developer.mozilla.org/en-US/docs/Web/HTTP/Status/500
ERROR:ingest_api:L1 batch error at http://localhost:8001: Server error '500 Internal Server Error' for url 'http://localhost:8001/detect/batch'
For more information check: https://developer.mozilla.org/en-US/docs/Web/HTTP/Status/500
ERROR:ingest_api:L1 batch error at http://localhost:8001: Server error '500 Internal Server Error' for url 'http://localhost:8001/detect/batch'
For more information check: https://developer.mozilla.org/en-US/docs/Web/HTTP/Status/500
INFO:httpx:HTTP Request: POST http://localhost:8001/detect/batch "HTTP/1.1 500 Internal Server Error"
INFO:httpx:HTTP Request: POST http://localhost:8001/detect/batch "HTTP/1.1 500 Internal Server Error"
INFO:httpx:HTTP Request: POST http://localhost:8001/detect/batch "HTTP/1.1 500 Internal Server Error"
INFO:httpx:HTTP Request: POST http://localhost:8001/detect/batch "HTTP/1.1 500 Internal Server Error"
INFO:httpx:HTTP Request: POST http://localhost:8001/detect/batch "HTTP/1.1 500 Internal Server Error"
INFO:httpx:HTTP Request: POST http://localhost:8001/detect/batch "HTTP/1.1 500 Internal Server Error"
INFO:httpx:HTTP Request: POST http://localhost:8001/detect/batch "HTTP/1.1 500 Internal Server Error"
INFO:httpx:HTTP Request: POST http://localhost:8001/detect/batch "HTTP/1.1 500 Internal Server Error"
INFO:httpx:HTTP Request: POST http://localhost:8001/detect/batch "HTTP/1.1 500 Internal Server Error"
ERROR:ingest_api:L1 batch error at http://localhost:8001: Server error '500 Internal Server Error' for url 'http://localhost:8001/detect/batch'
For more information check: https://developer.mozilla.org/en-US/docs/Web/HTTP/Status/500
ERROR:ingest_api:L1 batch error at http://localhost:8001: Server error '500 Internal Server Error' for url 'http://localhost:8001/detect/batch'
For more information check: https://developer.mozilla.org/en-US/docs/Web/HTTP/Status/500
ERROR:ingest_api:L1 batch error at http://localhost:8001: Server error '500 Internal Server Error' for url 'http://localhost:8001/detect/batch'
For more information check: https://developer.mozilla.org/en-US/docs/Web/HTTP/Status/500
ERROR:ingest_api:L1 batch error at http://localhost:8001: Server error '500 Internal Server Error' for url 'http://localhost:8001/detect/batch'
For more information check: https://developer.mozilla.org/en-US/docs/Web/HTTP/Status/500
ERROR:ingest_api:L1 batch error at http://localhost:8001: Server error '500 Internal Server Error' for url 'http://localhost:8001/detect/batch'
For more information check: https://developer.mozilla.org/en-US/docs/Web/HTTP/Status/500
ERROR:ingest_api:L1 batch error at http://localhost:8001: Server error '500 Internal Server Error' for url 'http://localhost:8001/detect/batch'
For more information check: https://developer.mozilla.org/en-US/docs/Web/HTTP/Status/500
ERROR:ingest_api:L1 batch error at http://localhost:8001: Server error '500 Internal Server Error' for url 'http://localhost:8001/detect/batch'
For more information check: https://developer.mozilla.org/en-US/docs/Web/HTTP/Status/500
ERROR:ingest_api:L1 batch error at http://localhost:8001: Server error '500 Internal Server Error' for url 'http://localhost:8001/detect/batch'
For more information check: https://developer.mozilla.org/en-US/docs/Web/HTTP/Status/500
ERROR:ingest_api:L1 batch error at http://localhost:8001: Server error '500 Internal Server Error' for url 'http://localhost:8001/detect/batch'
For more information check: https://developer.mozilla.org/en-US/docs/Web/HTTP/Status/500
INFO:httpx:HTTP Request: POST http://localhost:8001/detect/batch "HTTP/1.1 500 Internal Server Error"
INFO:httpx:HTTP Request: POST http://localhost:8001/detect/batch "HTTP/1.1 500 Internal Server Error"
INFO:httpx:HTTP Request: POST http://localhost:8001/detect/batch "HTTP/1.1 500 Internal Server Error"
INFO:httpx:HTTP Request: POST http://localhost:8001/detect/batch "HTTP/1.1 500 Internal Server Error"
INFO:httpx:HTTP Request: POST http://localhost:8001/detect/batch "HTTP/1.1 500 Internal Server Error"
INFO:httpx:HTTP Request: POST http://localhost:8001/detect/batch "HTTP/1.1 500 Internal Server Error"
INFO:httpx:HTTP Request: POST http://localhost:8001/detect/batch "HTTP/1.1 500 Internal Server Error"
INFO:httpx:HTTP Request: POST http://localhost:8001/detect/batch "HTTP/1.1 500 Internal Server Error"
INFO:httpx:HTTP Request: POST http://localhost:8001/detect/batch "HTTP/1.1 500 Internal Server Error"
INFO:httpx:HTTP Request: POST http://localhost:8001/detect/batch "HTTP/1.1 500 Internal Server Error"
ERROR:ingest_api:L1 batch error at http://localhost:8001: Server error '500 Internal Server Error' for url 'http://localhost:8001/detect/batch'
For more information check: https://developer.mozilla.org/en-US/docs/Web/HTTP/Status/500
ERROR:ingest_api:L1 batch error at http://localhost:8001: Server error '500 Internal Server Error' for url 'http://localhost:8001/detect/batch'
For more information check: https://developer.mozilla.org/en-US/docs/Web/HTTP/Status/500
ERROR:ingest_api:L1 batch error at http://localhost:8001: Server error '500 Internal Server Error' for url 'http://localhost:8001/detect/batch'
For more information check: https://developer.mozilla.org/en-US/docs/Web/HTTP/Status/500
ERROR:ingest_api:L1 batch error at http://localhost:8001: Server error '500 Internal Server Error' for url 'http://localhost:8001/detect/batch'
For more information check: https://developer.mozilla.org/en-US/docs/Web/HTTP/Status/500
ERROR:ingest_api:L1 batch error at http://localhost:8001: Server error '500 Internal Server Error' for url 'http://localhost:8001/detect/batch'
For more information check: https://developer.mozilla.org/en-US/docs/Web/HTTP/Status/500
ERROR:ingest_api:L1 batch error at http://localhost:8001: Server error '500 Internal Server Error' for url 'http://localhost:8001/detect/batch'
For more information check: https://developer.mozilla.org/en-US/docs/Web/HTTP/Status/500
ERROR:ingest_api:L1 batch error at http://localhost:8001: Server error '500 Internal Server Error' for url 'http://localhost:8001/detect/batch'
For more information check: https://developer.mozilla.org/en-US/docs/Web/HTTP/Status/500
ERROR:ingest_api:L1 batch error at http://localhost:8001: Server error '500 Internal Server Error' for url 'http://localhost:8001/detect/batch'
For more information check: https://developer.mozilla.org/en-US/docs/Web/HTTP/Status/500
ERROR:ingest_api:L1 batch error at http://localhost:8001: Server error '500 Internal Server Error' for url 'http://localhost:8001/detect/batch'
For more information check: https://developer.mozilla.org/en-US/docs/Web/HTTP/Status/500
ERROR:ingest_api:L1 batch error at http://localhost:8001: Server error '500 Internal Server Error' for url 'http://localhost:8001/detect/batch'
For more information check: https://developer.mozilla.org/en-US/docs/Web/HTTP/Status/500
INFO:httpx:HTTP Request: POST http://localhost:8001/detect/batch "HTTP/1.1 500 Internal Server Error"
INFO:httpx:HTTP Request: POST http://localhost:8001/detect/batch "HTTP/1.1 500 Internal Server Error"
INFO:httpx:HTTP Request: POST http://localhost:8001/detect/batch "HTTP/1.1 500 Internal Server Error"
INFO:httpx:HTTP Request: POST http://localhost:8001/detect/batch "HTTP/1.1 500 Internal Server Error"
INFO:httpx:HTTP Request: POST http://localhost:8001/detect/batch "HTTP/1.1 500 Internal Server Error"
INFO:httpx:HTTP Request: POST http://localhost:8001/detect/batch "HTTP/1.1 500 Internal Server Error"
INFO:httpx:HTTP Request: POST http://localhost:8001/detect/batch "HTTP/1.1 500 Internal Server Error"
INFO:httpx:HTTP Request: POST http://localhost:8001/detect/batch "HTTP/1.1 500 Internal Server Error"
INFO:httpx:HTTP Request: POST http://localhost:8001/detect/batch "HTTP/1.1 500 Internal Server Error"
INFO:httpx:HTTP Request: POST http://localhost:8001/detect/batch "HTTP/1.1 500 Internal Server Error"
INFO:httpx:HTTP Request: POST http://localhost:8001/detect/batch "HTTP/1.1 500 Internal Server Error"
INFO:httpx:HTTP Request: POST http://localhost:8001/detect/batch "HTTP/1.1 500 Internal Server Error"
ERROR:ingest_api:L1 batch error at http://localhost:8001: Server error '500 Internal Server Error' for url 'http://localhost:8001/detect/batch'
For more information check: https://developer.mozilla.org/en-US/docs/Web/HTTP/Status/500
ERROR:ingest_api:L1 batch error at http://localhost:8001: Server error '500 Internal Server Error' for url 'http://localhost:8001/detect/batch'
For more information check: https://developer.mozilla.org/en-US/docs/Web/HTTP/Status/500
ERROR:ingest_api:L1 batch error at http://localhost:8001: Server error '500 Internal Server Error' for url 'http://localhost:8001/detect/batch'
For more information check: https://developer.mozilla.org/en-US/docs/Web/HTTP/Status/500
ERROR:ingest_api:L1 batch error at http://localhost:8001: Server error '500 Internal Server Error' for url 'http://localhost:8001/detect/batch'
For more information check: https://developer.mozilla.org/en-US/docs/Web/HTTP/Status/500
ERROR:ingest_api:L1 batch error at http://localhost:8001: Server error '500 Internal Server Error' for url 'http://localhost:8001/detect/batch'
For more information check: https://developer.mozilla.org/en-US/docs/Web/HTTP/Status/500
ERROR:ingest_api:L1 batch error at http://localhost:8001: Server error '500 Internal Server Error' for url 'http://localhost:8001/detect/batch'
For more information check: https://developer.mozilla.org/en-US/docs/Web/HTTP/Status/500
ERROR:ingest_api:L1 batch error at http://localhost:8001: Server error '500 Internal Server Error' for url 'http://localhost:8001/detect/batch'
For more information check: https://developer.mozilla.org/en-US/docs/Web/HTTP/Status/500
ERROR:ingest_api:L1 batch error at http://localhost:8001: Server error '500 Internal Server Error' for url 'http://localhost:8001/detect/batch'
For more information check: https://developer.mozilla.org/en-US/docs/Web/HTTP/Status/500
ERROR:ingest_api:L1 batch error at http://localhost:8001: Server error '500 Internal Server Error' for url 'http://localhost:8001/detect/batch'
For more information check: https://developer.mozilla.org/en-US/docs/Web/HTTP/Status/500
ERROR:ingest_api:L1 batch error at http://localhost:8001: Server error '500 Internal Server Error' for url 'http://localhost:8001/detect/batch'
For more information check: https://developer.mozilla.org/en-US/docs/Web/HTTP/Status/500
ERROR:ingest_api:L1 batch error at http://localhost:8001: Server error '500 Internal Server Error' for url 'http://localhost:8001/detect/batch'
For more information check: https://developer.mozilla.org/en-US/docs/Web/HTTP/Status/500
ERROR:ingest_api:L1 batch error at http://localhost:8001: Server error '500 Internal Server Error' for url 'http://localhost:8001/detect/batch'
For more information check: https://developer.mozilla.org/en-US/docs/Web/HTTP/Status/500
INFO:httpx:HTTP Request: POST http://localhost:8001/detect/batch "HTTP/1.1 500 Internal Server Error"
INFO:httpx:HTTP Request: POST http://localhost:8001/detect/batch "HTTP/1.1 500 Internal Server Error"
INFO:httpx:HTTP Request: POST http://localhost:8001/detect/batch "HTTP/1.1 500 Internal Server Error"
INFO:httpx:HTTP Request: POST http://localhost:8001/detect/batch "HTTP/1.1 500 Internal Server Error"
INFO:httpx:HTTP Request: POST http://localhost:8001/detect/batch "HTTP/1.1 500 Internal Server Error"
INFO:httpx:HTTP Request: POST http://localhost:8001/detect/batch "HTTP/1.1 500 Internal Server Error"
INFO:httpx:HTTP Request: POST http://localhost:8001/detect/batch "HTTP/1.1 500 Internal Server Error"
INFO:httpx:HTTP Request: POST http://localhost:8001/detect/batch "HTTP/1.1 500 Internal Server Error"
INFO:httpx:HTTP Request: POST http://localhost:8001/detect/batch "HTTP/1.1 500 Internal Server Error"
INFO:httpx:HTTP Request: POST http://localhost:8001/detect/batch "HTTP/1.1 500 Internal Server Error"
INFO:httpx:HTTP Request: POST http://localhost:8001/detect/batch "HTTP/1.1 500 Internal Server Error"
INFO:httpx:HTTP Request: POST http://localhost:8001/detect/batch "HTTP/1.1 500 Internal Server Error"
ERROR:ingest_api:L1 batch error at http://localhost:8001: Server error '500 Internal Server Error' for url 'http://localhost:8001/detect/batch'
For more information check: https://developer.mozilla.org/en-US/docs/Web/HTTP/Status/500
ERROR:ingest_api:L1 batch error at http://localhost:8001: Server error '500 Internal Server Error' for url 'http://localhost:8001/detect/batch'
For more information check: https://developer.mozilla.org/en-US/docs/Web/HTTP/Status/500
ERROR:ingest_api:L1 batch error at http://localhost:8001: Server error '500 Internal Server Error' for url 'http://localhost:8001/detect/batch'
For more information check: https://developer.mozilla.org/en-US/docs/Web/HTTP/Status/500
ERROR:ingest_api:L1 batch error at http://localhost:8001: Server error '500 Internal Server Error' for url 'http://localhost:8001/detect/batch'
For more information check: https://developer.mozilla.org/en-US/docs/Web/HTTP/Status/500
ERROR:ingest_api:L1 batch error at http://localhost:8001: Server error '500 Internal Server Error' for url 'http://localhost:8001/detect/batch'
For more information check: https://developer.mozilla.org/en-US/docs/Web/HTTP/Status/500
ERROR:ingest_api:L1 batch error at http://localhost:8001: Server error '500 Internal Server Error' for url 'http://localhost:8001/detect/batch'
For more information check: https://developer.mozilla.org/en-US/docs/Web/HTTP/Status/500
ERROR:ingest_api:L1 batch error at http://localhost:8001: Server error '500 Internal Server Error' for url 'http://localhost:8001/detect/batch'
For more information check: https://developer.mozilla.org/en-US/docs/Web/HTTP/Status/500
ERROR:ingest_api:L1 batch error at http://localhost:8001: Server error '500 Internal Server Error' for url 'http://localhost:8001/detect/batch'
For more information check: https://developer.mozilla.org/en-US/docs/Web/HTTP/Status/500
ERROR:ingest_api:L1 batch error at http://localhost:8001: Server error '500 Internal Server Error' for url 'http://localhost:8001/detect/batch'
For more information check: https://developer.mozilla.org/en-US/docs/Web/HTTP/Status/500
ERROR:ingest_api:L1 batch error at http://localhost:8001: Server error '500 Internal Server Error' for url 'http://localhost:8001/detect/batch'
For more information check: https://developer.mozilla.org/en-US/docs/Web/HTTP/Status/500
ERROR:ingest_api:L1 batch error at http://localhost:8001: Server error '500 Internal Server Error' for url 'http://localhost:8001/detect/batch'
For more information check: https://developer.mozilla.org/en-US/docs/Web/HTTP/Status/500
ERROR:ingest_api:L1 batch error at http://localhost:8001: Server error '500 Internal Server Error' for url 'http://localhost:8001/detect/batch'
For more information check: https://developer.mozilla.org/en-US/docs/Web/HTTP/Status/500
INFO:httpx:HTTP Request: POST http://localhost:8001/detect/batch "HTTP/1.1 500 Internal Server Error"
INFO:httpx:HTTP Request: POST http://localhost:8001/detect/batch "HTTP/1.1 500 Internal Server Error"
INFO:httpx:HTTP Request: POST http://localhost:8001/detect/batch "HTTP/1.1 500 Internal Server Error"
INFO:httpx:HTTP Request: POST http://localhost:8001/detect/batch "HTTP/1.1 500 Internal Server Error"
INFO:httpx:HTTP Request: POST http://localhost:8001/detect/batch "HTTP/1.1 500 Internal Server Error"
INFO:httpx:HTTP Request: POST http://localhost:8001/detect/batch "HTTP/1.1 500 Internal Server Error"
INFO:httpx:HTTP Request: POST http://localhost:8001/detect/batch "HTTP/1.1 500 Internal Server Error"
INFO:httpx:HTTP Request: POST http://localhost:8001/detect/batch "HTTP/1.1 500 Internal Server Error"
INFO:httpx:HTTP Request: POST http://localhost:8001/detect/batch "HTTP/1.1 500 Internal Server Error"
INFO:httpx:HTTP Request: POST http://localhost:8001/detect/batch "HTTP/1.1 500 Internal Server Error"
ERROR:ingest_api:L1 batch error at http://localhost:8001: Server error '500 Internal Server Error' for url 'http://localhost:8001/detect/batch'
For more information check: https://developer.mozilla.org/en-US/docs/Web/HTTP/Status/500
ERROR:ingest_api:L1 batch error at http://localhost:8001: Server error '500 Internal Server Error' for url 'http://localhost:8001/detect/batch'
For more information check: https://developer.mozilla.org/en-US/docs/Web/HTTP/Status/500
ERROR:ingest_api:L1 batch error at http://localhost:8001: Server error '500 Internal Server Error' for url 'http://localhost:8001/detect/batch'
For more information check: https://developer.mozilla.org/en-US/docs/Web/HTTP/Status/500
ERROR:ingest_api:L1 batch error at http://localhost:8001: Server error '500 Internal Server Error' for url 'http://localhost:8001/detect/batch'
For more information check: https://developer.mozilla.org/en-US/docs/Web/HTTP/Status/500
ERROR:ingest_api:L1 batch error at http://localhost:8001: Server error '500 Internal Server Error' for url 'http://localhost:8001/detect/batch'
For more information check: https://developer.mozilla.org/en-US/docs/Web/HTTP/Status/500
ERROR:ingest_api:L1 batch error at http://localhost:8001: Server error '500 Internal Server Error' for url 'http://localhost:8001/detect/batch'
For more information check: https://developer.mozilla.org/en-US/docs/Web/HTTP/Status/500
ERROR:ingest_api:L1 batch error at http://localhost:8001: Server error '500 Internal Server Error' for url 'http://localhost:8001/detect/batch'
For more information check: https://developer.mozilla.org/en-US/docs/Web/HTTP/Status/500
ERROR:ingest_api:L1 batch error at http://localhost:8001: Server error '500 Internal Server Error' for url 'http://localhost:8001/detect/batch'
For more information check: https://developer.mozilla.org/en-US/docs/Web/HTTP/Status/500
ERROR:ingest_api:L1 batch error at http://localhost:8001: Server error '500 Internal Server Error' for url 'http://localhost:8001/detect/batch'
For more information check: https://developer.mozilla.org/en-US/docs/Web/HTTP/Status/500
ERROR:ingest_api:L1 batch error at http://localhost:8001: Server error '500 Internal Server Error' for url 'http://localhost:8001/detect/batch'
For more information check: https://developer.mozilla.org/en-US/docs/Web/HTTP/Status/500
INFO:httpx:HTTP Request: POST http://localhost:8001/detect/batch "HTTP/1.1 500 Internal Server Error"
ERROR:ingest_api:L1 batch error at http://localhost:8001: Server error '500 Internal Server Error' for url 'http://localhost:8001/detect/batch'
For more information check: https://developer.mozilla.org/en-US/docs/Web/HTTP/Status/500
INFO:httpx:HTTP Request: POST http://localhost:8001/detect/batch "HTTP/1.1 500 Internal Server Error"
ERROR:ingest_api:L1 batch error at http://localhost:8001: Server error '500 Internal Server Error' for url 'http://localhost:8001/detect/batch'
For more information check: https://developer.mozilla.org/en-US/docs/Web/HTTP/Status/500
INFO:httpx:HTTP Request: POST http://localhost:8001/detect/batch "HTTP/1.1 500 Internal Server Error"
INFO:httpx:HTTP Request: POST http://localhost:8001/detect/batch "HTTP/1.1 500 Internal Server Error"
ERROR:ingest_api:L1 batch error at http://localhost:8001: Server error '500 Internal Server Error' for url 'http://localhost:8001/detect/batch'
For more information check: https://developer.mozilla.org/en-US/docs/Web/HTTP/Status/500
ERROR:ingest_api:L1 batch error at http://localhost:8001: Server error '500 Internal Server Error' for url 'http://localhost:8001/detect/batch'
For more information check: https://developer.mozilla.org/en-US/docs/Web/HTTP/Status/500
INFO:httpx:HTTP Request: POST http://localhost:8001/detect/batch "HTTP/1.1 500 Internal Server Error"
INFO:httpx:HTTP Request: POST http://localhost:8001/detect/batch "HTTP/1.1 500 Internal Server Error"
ERROR:ingest_api:L1 batch error at http://localhost:8001: Server error '500 Internal Server Error' for url 'http://localhost:8001/detect/batch'
For more information check: https://developer.mozilla.org/en-US/docs/Web/HTTP/Status/500
ERROR:ingest_api:L1 batch error at http://localhost:8001: Server error '500 Internal Server Error' for url 'http://localhost:8001/detect/batch'
For more information check: https://developer.mozilla.org/en-US/docs/Web/HTTP/Status/500
INFO:httpx:HTTP Request: POST http://localhost:8001/detect/batch "HTTP/1.1 500 Internal Server Error"
INFO:httpx:HTTP Request: POST http://localhost:8001/detect/batch "HTTP/1.1 500 Internal Server Error"
INFO:httpx:HTTP Request: POST http://localhost:8001/detect/batch "HTTP/1.1 500 Internal Server Error"
ERROR:ingest_api:L1 batch error at http://localhost:8001: Server error '500 Internal Server Error' for url 'http://localhost:8001/detect/batch'
For more information check: https://developer.mozilla.org/en-US/docs/Web/HTTP/Status/500
ERROR:ingest_api:L1 batch error at http://localhost:8001: Server error '500 Internal Server Error' for url 'http://localhost:8001/detect/batch'
For more information check: https://developer.mozilla.org/en-US/docs/Web/HTTP/Status/500
ERROR:ingest_api:L1 batch error at http://localhost:8001: Server error '500 Internal Server Error' for url 'http://localhost:8001/detect/batch'
For more information check: https://developer.mozilla.org/en-US/docs/Web/HTTP/Status/500
INFO:httpx:HTTP Request: POST http://localhost:8001/detect/batch "HTTP/1.1 500 Internal Server Error"
INFO:httpx:HTTP Request: POST http://localhost:8001/detect/batch "HTTP/1.1 500 Internal Server Error"
INFO:httpx:HTTP Request: POST http://localhost:8001/detect/batch "HTTP/1.1 500 Internal Server Error"
INFO:httpx:HTTP Request: POST http://localhost:8001/detect/batch "HTTP/1.1 500 Internal Server Error"
ERROR:ingest_api:L1 batch error at http://localhost:8001: Server error '500 Internal Server Error' for url 'http://localhost:8001/detect/batch'
For more information check: https://developer.mozilla.org/en-US/docs/Web/HTTP/Status/500
ERROR:ingest_api:L1 batch error at http://localhost:8001: Server error '500 Internal Server Error' for url 'http://localhost:8001/detect/batch'
For more information check: https://developer.mozilla.org/en-US/docs/Web/HTTP/Status/500
ERROR:ingest_api:L1 batch error at http://localhost:8001: Server error '500 Internal Server Error' for url 'http://localhost:8001/detect/batch'
For more information check: https://developer.mozilla.org/en-US/docs/Web/HTTP/Status/500
ERROR:ingest_api:L1 batch error at http://localhost:8001: Server error '500 Internal Server Error' for url 'http://localhost:8001/detect/batch'
For more information check: https://developer.mozilla.org/en-US/docs/Web/HTTP/Status/500
INFO:httpx:HTTP Request: POST http://localhost:8001/detect/batch "HTTP/1.1 500 Internal Server Error"
ERROR:ingest_api:L1 batch error at http://localhost:8001: Server error '500 Internal Server Error' for url 'http://localhost:8001/detect/batch'
For more information check: https://developer.mozilla.org/en-US/docs/Web/HTTP/Status/500
INFO:httpx:HTTP Request: POST http://localhost:8001/detect/batch "HTTP/1.1 500 Internal Server Error"
ERROR:ingest_api:L1 batch error at http://localhost:8001: Server error '500 Internal Server Error' for url 'http://localhost:8001/detect/batch'
For more information check: https://developer.mozilla.org/en-US/docs/Web/HTTP/Status/500
INFO:httpx:HTTP Request: POST http://localhost:8001/detect/batch "HTTP/1.1 500 Internal Server Error"
INFO:httpx:HTTP Request: POST http://localhost:8001/detect/batch "HTTP/1.1 500 Internal Server Error"
ERROR:ingest_api:L1 batch error at http://localhost:8001: Server error '500 Internal Server Error' for url 'http://localhost:8001/detect/batch'
For more information check: https://developer.mozilla.org/en-US/docs/Web/HTTP/Status/500
INFO:httpx:HTTP Request: POST http://localhost:8001/detect/batch "HTTP/1.1 500 Internal Server Error"
ERROR:ingest_api:L1 batch error at http://localhost:8001: Server error '500 Internal Server Error' for url 'http://localhost:8001/detect/batch'
For more information check: https://developer.mozilla.org/en-US/docs/Web/HTTP/Status/500
ERROR:ingest_api:L1 batch error at http://localhost:8001: Server error '500 Internal Server Error' for url 'http://localhost:8001/detect/batch'
For more information check: https://developer.mozilla.org/en-US/docs/Web/HTTP/Status/500
INFO:httpx:HTTP Request: POST http://localhost:8001/detect/batch "HTTP/1.1 500 Internal Server Error"
INFO:httpx:HTTP Request: POST http://localhost:8001/detect/batch "HTTP/1.1 500 Internal Server Error"
INFO:httpx:HTTP Request: POST http://localhost:8001/detect/batch "HTTP/1.1 500 Internal Server Error"
ERROR:ingest_api:L1 batch error at http://localhost:8001: Server error '500 Internal Server Error' for url 'http://localhost:8001/detect/batch'
For more information check: https://developer.mozilla.org/en-US/docs/Web/HTTP/Status/500
ERROR:ingest_api:L1 batch error at http://localhost:8001: Server error '500 Internal Server Error' for url 'http://localhost:8001/detect/batch'
For more information check: https://developer.mozilla.org/en-US/docs/Web/HTTP/Status/500
ERROR:ingest_api:L1 batch error at http://localhost:8001: Server error '500 Internal Server Error' for url 'http://localhost:8001/detect/batch'
For more information check: https://developer.mozilla.org/en-US/docs/Web/HTTP/Status/500
INFO:httpx:HTTP Request: POST http://localhost:8001/detect/batch "HTTP/1.1 500 Internal Server Error"
INFO:httpx:HTTP Request: POST http://localhost:8001/detect/batch "HTTP/1.1 500 Internal Server Error"
INFO:httpx:HTTP Request: POST http://localhost:8001/detect/batch "HTTP/1.1 500 Internal Server Error"
ERROR:ingest_api:L1 batch error at http://localhost:8001: Server error '500 Internal Server Error' for url 'http://localhost:8001/detect/batch'
For more information check: https://developer.mozilla.org/en-US/docs/Web/HTTP/Status/500
ERROR:ingest_api:L1 batch error at http://localhost:8001: Server error '500 Internal Server Error' for url 'http://localhost:8001/detect/batch'
For more information check: https://developer.mozilla.org/en-US/docs/Web/HTTP/Status/500
INFO:httpx:HTTP Request: POST http://localhost:8001/detect/batch "HTTP/1.1 500 Internal Server Error"
ERROR:ingest_api:L1 batch error at http://localhost:8001: Server error '500 Internal Server Error' for url 'http://localhost:8001/detect/batch'
For more information check: https://developer.mozilla.org/en-US/docs/Web/HTTP/Status/500
INFO:httpx:HTTP Request: POST http://localhost:8001/detect/batch "HTTP/1.1 500 Internal Server Error"
ERROR:ingest_api:L1 batch error at http://localhost:8001: Server error '500 Internal Server Error' for url 'http://localhost:8001/detect/batch'
For more information check: https://developer.mozilla.org/en-US/docs/Web/HTTP/Status/500
INFO:httpx:HTTP Request: POST http://localhost:8001/detect/batch "HTTP/1.1 500 Internal Server Error"
ERROR:ingest_api:L1 batch error at http://localhost:8001: Server error '500 Internal Server Error' for url 'http://localhost:8001/detect/batch'
For more information check: https://developer.mozilla.org/en-US/docs/Web/HTTP/Status/500
INFO:httpx:HTTP Request: POST http://localhost:8001/detect/batch "HTTP/1.1 500 Internal Server Error"
INFO:httpx:HTTP Request: POST http://localhost:8001/detect/batch "HTTP/1.1 500 Internal Server Error"
ERROR:ingest_api:L1 batch error at http://localhost:8001: Server error '500 Internal Server Error' for url 'http://localhost:8001/detect/batch'
For more information check: https://developer.mozilla.org/en-US/docs/Web/HTTP/Status/500
INFO:httpx:HTTP Request: POST http://localhost:8001/detect/batch "HTTP/1.1 500 Internal Server Error"
ERROR:ingest_api:L1 batch error at http://localhost:8001: Server error '500 Internal Server Error' for url 'http://localhost:8001/detect/batch'
For more information check: https://developer.mozilla.org/en-US/docs/Web/HTTP/Status/500
ERROR:ingest_api:L1 batch error at http://localhost:8001: Server error '500 Internal Server Error' for url 'http://localhost:8001/detect/batch'
For more information check: https://developer.mozilla.org/en-US/docs/Web/HTTP/Status/500
INFO:httpx:HTTP Request: POST http://localhost:8001/detect/batch "HTTP/1.1 500 Internal Server Error"
ERROR:ingest_api:L1 batch error at http://localhost:8001: Server error '500 Internal Server Error' for url 'http://localhost:8001/detect/batch'
For more information check: https://developer.mozilla.org/en-US/docs/Web/HTTP/Status/500
INFO:httpx:HTTP Request: POST http://localhost:8001/detect/batch "HTTP/1.1 500 Internal Server Error"
INFO:httpx:HTTP Request: POST http://localhost:8001/detect/batch "HTTP/1.1 500 Internal Server Error"
ERROR:ingest_api:L1 batch error at http://localhost:8001: Server error '500 Internal Server Error' for url 'http://localhost:8001/detect/batch'
For more information check: https://developer.mozilla.org/en-US/docs/Web/HTTP/Status/500
INFO:httpx:HTTP Request: POST http://localhost:8001/detect/batch "HTTP/1.1 500 Internal Server Error"
ERROR:ingest_api:L1 batch error at http://localhost:8001: Server error '500 Internal Server Error' for url 'http://localhost:8001/detect/batch'
For more information check: https://developer.mozilla.org/en-US/docs/Web/HTTP/Status/500
ERROR:ingest_api:L1 batch error at http://localhost:8001: Server error '500 Internal Server Error' for url 'http://localhost:8001/detect/batch'
For more information check: https://developer.mozilla.org/en-US/docs/Web/HTTP/Status/500
INFO:httpx:HTTP Request: POST http://localhost:8001/detect/batch "HTTP/1.1 500 Internal Server Error"
INFO:httpx:HTTP Request: POST http://localhost:8001/detect/batch "HTTP/1.1 500 Internal Server Error"
ERROR:ingest_api:L1 batch error at http://localhost:8001: Server error '500 Internal Server Error' for url 'http://localhost:8001/detect/batch'
For more information check: https://developer.mozilla.org/en-US/docs/Web/HTTP/Status/500
ERROR:ingest_api:L1 batch error at http://localhost:8001: Server error '500 Internal Server Error' for url 'http://localhost:8001/detect/batch'
For more information check: https://developer.mozilla.org/en-US/docs/Web/HTTP/Status/500
ERROR:ingest_api:L1 batch error at http://localhost:8001: Server error '500 Internal Server Error' for url 'http://localhost:8001/detect/batch'
For more information check: https://developer.mozilla.org/en-US/docs/Web/HTTP/Status/500
INFO:httpx:HTTP Request: POST http://localhost:8001/detect/batch "HTTP/1.1 500 Internal Server Error"
INFO:httpx:HTTP Request: POST http://localhost:8001/detect/batch "HTTP/1.1 500 Internal Server Error"
ERROR:ingest_api:L1 batch error at http://localhost:8001: Server error '500 Internal Server Error' for url 'http://localhost:8001/detect/batch'
For more information check: https://developer.mozilla.org/en-US/docs/Web/HTTP/Status/500
INFO:httpx:HTTP Request: POST http://localhost:8001/detect/batch "HTTP/1.1 500 Internal Server Error"
ERROR:ingest_api:L1 batch error at http://localhost:8001: Server error '500 Internal Server Error' for url 'http://localhost:8001/detect/batch'
For more information check: https://developer.mozilla.org/en-US/docs/Web/HTTP/Status/500
INFO:httpx:HTTP Request: POST http://localhost:8001/detect/batch "HTTP/1.1 500 Internal Server Error"
ERROR:ingest_api:L1 batch error at http://localhost:8001: Server error '500 Internal Server Error' for url 'http://localhost:8001/detect/batch'
For more information check: https://developer.mozilla.org/en-US/docs/Web/HTTP/Status/500
INFO:httpx:HTTP Request: POST http://localhost:8001/detect/batch "HTTP/1.1 500 Internal Server Error"
INFO:httpx:HTTP Request: POST http://localhost:8001/detect/batch "HTTP/1.1 500 Internal Server Error"
ERROR:ingest_api:L1 batch error at http://localhost:8001: Server error '500 Internal Server Error' for url 'http://localhost:8001/detect/batch'
For more information check: https://developer.mozilla.org/en-US/docs/Web/HTTP/Status/500
INFO:httpx:HTTP Request: POST http://localhost:8001/detect/batch "HTTP/1.1 500 Internal Server Error"
ERROR:ingest_api:L1 batch error at http://localhost:8001: Server error '500 Internal Server Error' for url 'http://localhost:8001/detect/batch'
For more information check: https://developer.mozilla.org/en-US/docs/Web/HTTP/Status/500
ERROR:ingest_api:L1 batch error at http://localhost:8001: Server error '500 Internal Server Error' for url 'http://localhost:8001/detect/batch'
For more information check: https://developer.mozilla.org/en-US/docs/Web/HTTP/Status/500
ERROR:ingest_api:L1 batch error at http://localhost:8001: Server error '500 Internal Server Error' for url 'http://localhost:8001/detect/batch'
For more information check: https://developer.mozilla.org/en-US/docs/Web/HTTP/Status/500
INFO:httpx:HTTP Request: POST http://localhost:8001/detect/batch "HTTP/1.1 500 Internal Server Error"
INFO:httpx:HTTP Request: POST http://localhost:8001/detect/batch "HTTP/1.1 500 Internal Server Error"
ERROR:ingest_api:L1 batch error at http://localhost:8001: Server error '500 Internal Server Error' for url 'http://localhost:8001/detect/batch'
For more information check: https://developer.mozilla.org/en-US/docs/Web/HTTP/Status/500
INFO:httpx:HTTP Request: POST http://localhost:8001/detect/batch "HTTP/1.1 500 Internal Server Error"
ERROR:ingest_api:L1 batch error at http://localhost:8001: Server error '500 Internal Server Error' for url 'http://localhost:8001/detect/batch'
For more information check: https://developer.mozilla.org/en-US/docs/Web/HTTP/Status/500
INFO:httpx:HTTP Request: POST http://localhost:8001/detect/batch "HTTP/1.1 500 Internal Server Error"
ERROR:ingest_api:L1 batch error at http://localhost:8001: Server error '500 Internal Server Error' for url 'http://localhost:8001/detect/batch'
For more information check: https://developer.mozilla.org/en-US/docs/Web/HTTP/Status/500
INFO:httpx:HTTP Request: POST http://localhost:8001/detect/batch "HTTP/1.1 500 Internal Server Error"
ERROR:ingest_api:L1 batch error at http://localhost:8001: Server error '500 Internal Server Error' for url 'http://localhost:8001/detect/batch'
For more information check: https://developer.mozilla.org/en-US/docs/Web/HTTP/Status/500
INFO:httpx:HTTP Request: POST http://localhost:8001/detect/batch "HTTP/1.1 500 Internal Server Error"
ERROR:ingest_api:L1 batch error at http://localhost:8001: Server error '500 Internal Server Error' for url 'http://localhost:8001/detect/batch'
For more information check: https://developer.mozilla.org/en-US/docs/Web/HTTP/Status/500
ERROR:ingest_api:L1 batch error at http://localhost:8001: Server error '500 Internal Server Error' for url 'http://localhost:8001/detect/batch'
For more information check: https://developer.mozilla.org/en-US/docs/Web/HTTP/Status/500
INFO:httpx:HTTP Request: POST http://localhost:8001/detect/batch "HTTP/1.1 500 Internal Server Error"
INFO:httpx:HTTP Request: POST http://localhost:8001/detect/batch "HTTP/1.1 500 Internal Server Error"
ERROR:ingest_api:L1 batch error at http://localhost:8001: Server error '500 Internal Server Error' for url 'http://localhost:8001/detect/batch'
For more information check: https://developer.mozilla.org/en-US/docs/Web/HTTP/Status/500
ERROR:ingest_api:L1 batch error at http://localhost:8001: Server error '500 Internal Server Error' for url 'http://localhost:8001/detect/batch'
For more information check: https://developer.mozilla.org/en-US/docs/Web/HTTP/Status/500
INFO:httpx:HTTP Request: POST http://localhost:8001/detect/batch "HTTP/1.1 500 Internal Server Error"
ERROR:ingest_api:L1 batch error at http://localhost:8001: Server error '500 Internal Server Error' for url 'http://localhost:8001/detect/batch'
For more information check: https://developer.mozilla.org/en-US/docs/Web/HTTP/Status/500
INFO:httpx:HTTP Request: POST http://localhost:8001/detect/batch "HTTP/1.1 500 Internal Server Error"
ERROR:ingest_api:L1 batch error at http://localhost:8001: Server error '500 Internal Server Error' for url 'http://localhost:8001/detect/batch'
For more information check: https://developer.mozilla.org/en-US/docs/Web/HTTP/Status/500
INFO:httpx:HTTP Request: POST http://localhost:8001/detect/batch "HTTP/1.1 500 Internal Server Error"
ERROR:ingest_api:L1 batch error at http://localhost:8001: Server error '500 Internal Server Error' for url 'http://localhost:8001/detect/batch'
For more information check: https://developer.mozilla.org/en-US/docs/Web/HTTP/Status/500
INFO:httpx:HTTP Request: POST http://localhost:8001/detect/batch "HTTP/1.1 500 Internal Server Error"
ERROR:ingest_api:L1 batch error at http://localhost:8001: Server error '500 Internal Server Error' for url 'http://localhost:8001/detect/batch'
For more information check: https://developer.mozilla.org/en-US/docs/Web/HTTP/Status/500
INFO:httpx:HTTP Request: POST http://localhost:8001/detect/batch "HTTP/1.1 500 Internal Server Error"
ERROR:ingest_api:L1 batch error at http://localhost:8001: Server error '500 Internal Server Error' for url 'http://localhost:8001/detect/batch'
For more information check: https://developer.mozilla.org/en-US/docs/Web/HTTP/Status/500
INFO:httpx:HTTP Request: POST http://localhost:8001/detect/batch "HTTP/1.1 500 Internal Server Error"
ERROR:ingest_api:L1 batch error at http://localhost:8001: Server error '500 Internal Server Error' for url 'http://localhost:8001/detect/batch'
For more information check: https://developer.mozilla.org/en-US/docs/Web/HTTP/Status/500
INFO:httpx:HTTP Request: POST http://localhost:8001/detect/batch "HTTP/1.1 500 Internal Server Error"
ERROR:ingest_api:L1 batch error at http://localhost:8001: Server error '500 Internal Server Error' for url 'http://localhost:8001/detect/batch'
For more information check: https://developer.mozilla.org/en-US/docs/Web/HTTP/Status/500
INFO:httpx:HTTP Request: POST http://localhost:8001/detect/batch "HTTP/1.1 500 Internal Server Error"
ERROR:ingest_api:L1 batch error at http://localhost:8001: Server error '500 Internal Server Error' for url 'http://localhost:8001/detect/batch'
For more information check: https://developer.mozilla.org/en-US/docs/Web/HTTP/Status/500
INFO:httpx:HTTP Request: POST http://localhost:8001/detect/batch "HTTP/1.1 500 Internal Server Error"
ERROR:ingest_api:L1 batch error at http://localhost:8001: Server error '500 Internal Server Error' for url 'http://localhost:8001/detect/batch'
For more information check: https://developer.mozilla.org/en-US/docs/Web/HTTP/Status/500
INFO:httpx:HTTP Request: POST http://localhost:8001/detect/batch "HTTP/1.1 500 Internal Server Error"
ERROR:ingest_api:L1 batch error at http://localhost:8001: Server error '500 Internal Server Error' for url 'http://localhost:8001/detect/batch'
For more information check: https://developer.mozilla.org/en-US/docs/Web/HTTP/Status/500
INFO:httpx:HTTP Request: POST http://localhost:8001/detect/batch "HTTP/1.1 500 Internal Server Error"
ERROR:ingest_api:L1 batch error at http://localhost:8001: Server error '500 Internal Server Error' for url 'http://localhost:8001/detect/batch'
For more information check: https://developer.mozilla.org/en-US/docs/Web/HTTP/Status/500
INFO:httpx:HTTP Request: POST http://localhost:8001/detect/batch "HTTP/1.1 500 Internal Server Error"
ERROR:ingest_api:L1 batch error at http://localhost:8001: Server error '500 Internal Server Error' for url 'http://localhost:8001/detect/batch'
For more information check: https://developer.mozilla.org/en-US/docs/Web/HTTP/Status/500
INFO:httpx:HTTP Request: POST http://localhost:8001/detect/batch "HTTP/1.1 500 Internal Server Error"
ERROR:ingest_api:L1 batch error at http://localhost:8001: Server error '500 Internal Server Error' for url 'http://localhost:8001/detect/batch'
For more information check: https://developer.mozilla.org/en-US/docs/Web/HTTP/Status/500
INFO:httpx:HTTP Request: POST http://localhost:8001/detect/batch "HTTP/1.1 500 Internal Server Error"
ERROR:ingest_api:L1 batch error at http://localhost:8001: Server error '500 Internal Server Error' for url 'http://localhost:8001/detect/batch'
For more information check: https://developer.mozilla.org/en-US/docs/Web/HTTP/Status/500
INFO:httpx:HTTP Request: POST http://localhost:8001/detect/batch "HTTP/1.1 500 Internal Server Error"
ERROR:ingest_api:L1 batch error at http://localhost:8001: Server error '500 Internal Server Error' for url 'http://localhost:8001/detect/batch'
For more information check: https://developer.mozilla.org/en-US/docs/Web/HTTP/Status/500
INFO:httpx:HTTP Request: POST http://localhost:8001/detect/batch "HTTP/1.1 500 Internal Server Error"
ERROR:ingest_api:L1 batch error at http://localhost:8001: Server error '500 Internal Server Error' for url 'http://localhost:8001/detect/batch'
For more information check: https://developer.mozilla.org/en-US/docs/Web/HTTP/Status/500
INFO:httpx:HTTP Request: POST http://localhost:8001/detect/batch "HTTP/1.1 500 Internal Server Error"
ERROR:ingest_api:L1 batch error at http://localhost:8001: Server error '500 Internal Server Error' for url 'http://localhost:8001/detect/batch'
For more information check: https://developer.mozilla.org/en-US/docs/Web/HTTP/Status/500
INFO:httpx:HTTP Request: POST http://localhost:8001/detect/batch "HTTP/1.1 500 Internal Server Error"
ERROR:ingest_api:L1 batch error at http://localhost:8001: Server error '500 Internal Server Error' for url 'http://localhost:8001/detect/batch'
For more information check: https://developer.mozilla.org/en-US/docs/Web/HTTP/Status/500
INFO:httpx:HTTP Request: POST http://localhost:8001/detect/batch "HTTP/1.1 500 Internal Server Error"
ERROR:ingest_api:L1 batch error at http://localhost:8001: Server error '500 Internal Server Error' for url 'http://localhost:8001/detect/batch'
For more information check: https://developer.mozilla.org/en-US/docs/Web/HTTP/Status/500
INFO:httpx:HTTP Request: POST http://localhost:8001/detect/batch "HTTP/1.1 500 Internal Server Error"
ERROR:ingest_api:L1 batch error at http://localhost:8001: Server error '500 Internal Server Error' for url 'http://localhost:8001/detect/batch'
For more information check: https://developer.mozilla.org/en-US/docs/Web/HTTP/Status/500
INFO:httpx:HTTP Request: POST http://localhost:8001/detect/batch "HTTP/1.1 500 Internal Server Error"
ERROR:ingest_api:L1 batch error at http://localhost:8001: Server error '500 Internal Server Error' for url 'http://localhost:8001/detect/batch'
For more information check: https://developer.mozilla.org/en-US/docs/Web/HTTP/Status/500
INFO:httpx:HTTP Request: POST http://localhost:8001/detect/batch "HTTP/1.1 500 Internal Server Error"
ERROR:ingest_api:L1 batch error at http://localhost:8001: Server error '500 Internal Server Error' for url 'http://localhost:8001/detect/batch'
For more information check: https://developer.mozilla.org/en-US/docs/Web/HTTP/Status/500
INFO:httpx:HTTP Request: POST http://localhost:8001/detect/batch "HTTP/1.1 500 Internal Server Error"
ERROR:ingest_api:L1 batch error at http://localhost:8001: Server error '500 Internal Server Error' for url 'http://localhost:8001/detect/batch'
For more information check: https://developer.mozilla.org/en-US/docs/Web/HTTP/Status/500
INFO:httpx:HTTP Request: POST http://localhost:8001/detect/batch "HTTP/1.1 500 Internal Server Error"
ERROR:ingest_api:L1 batch error at http://localhost:8001: Server error '500 Internal Server Error' for url 'http://localhost:8001/detect/batch'
For more information check: https://developer.mozilla.org/en-US/docs/Web/HTTP/Status/500
INFO:httpx:HTTP Request: POST http://localhost:8001/detect/batch "HTTP/1.1 500 Internal Server Error"
ERROR:ingest_api:L1 batch error at http://localhost:8001: Server error '500 Internal Server Error' for url 'http://localhost:8001/detect/batch'
For more information check: https://developer.mozilla.org/en-US/docs/Web/HTTP/Status/500
INFO:httpx:HTTP Request: POST http://localhost:8001/detect/batch "HTTP/1.1 500 Internal Server Error"
ERROR:ingest_api:L1 batch error at http://localhost:8001: Server error '500 Internal Server Error' for url 'http://localhost:8001/detect/batch'
For more information check: https://developer.mozilla.org/en-US/docs/Web/HTTP/Status/500
INFO:httpx:HTTP Request: POST http://localhost:8001/detect/batch "HTTP/1.1 500 Internal Server Error"
ERROR:ingest_api:L1 batch error at http://localhost:8001: Server error '500 Internal Server Error' for url 'http://localhost:8001/detect/batch'
For more information check: https://developer.mozilla.org/en-US/docs/Web/HTTP/Status/500
INFO:httpx:HTTP Request: POST http://localhost:8001/detect/batch "HTTP/1.1 500 Internal Server Error"
ERROR:ingest_api:L1 batch error at http://localhost:8001: Server error '500 Internal Server Error' for url 'http://localhost:8001/detect/batch'
For more information check: https://developer.mozilla.org/en-US/docs/Web/HTTP/Status/500
INFO:httpx:HTTP Request: POST http://localhost:8001/detect/batch "HTTP/1.1 500 Internal Server Error"
ERROR:ingest_api:L1 batch error at http://localhost:8001: Server error '500 Internal Server Error' for url 'http://localhost:8001/detect/batch'
For more information check: https://developer.mozilla.org/en-US/docs/Web/HTTP/Status/500
INFO:httpx:HTTP Request: POST http://localhost:8001/detect/batch "HTTP/1.1 500 Internal Server Error"
ERROR:ingest_api:L1 batch error at http://localhost:8001: Server error '500 Internal Server Error' for url 'http://localhost:8001/detect/batch'
For more information check: https://developer.mozilla.org/en-US/docs/Web/HTTP/Status/500
INFO:httpx:HTTP Request: POST http://localhost:8001/detect/batch "HTTP/1.1 500 Internal Server Error"
ERROR:ingest_api:L1 batch error at http://localhost:8001: Server error '500 Internal Server Error' for url 'http://localhost:8001/detect/batch'
For more information check: https://developer.mozilla.org/en-US/docs/Web/HTTP/Status/500
INFO:httpx:HTTP Request: POST http://localhost:8001/detect/batch "HTTP/1.1 500 Internal Server Error"
ERROR:ingest_api:L1 batch error at http://localhost:8001: Server error '500 Internal Server Error' for url 'http://localhost:8001/detect/batch'
For more information check: https://developer.mozilla.org/en-US/docs/Web/HTTP/Status/500
INFO:httpx:HTTP Request: POST http://localhost:8001/detect/batch "HTTP/1.1 500 Internal Server Error"
ERROR:ingest_api:L1 batch error at http://localhost:8001: Server error '500 Internal Server Error' for url 'http://localhost:8001/detect/batch'
For more information check: https://developer.mozilla.org/en-US/docs/Web/HTTP/Status/500
INFO:httpx:HTTP Request: POST http://localhost:8001/detect/batch "HTTP/1.1 500 Internal Server Error"
ERROR:ingest_api:L1 batch error at http://localhost:8001: Server error '500 Internal Server Error' for url 'http://localhost:8001/detect/batch'
For more information check: https://developer.mozilla.org/en-US/docs/Web/HTTP/Status/500
INFO:httpx:HTTP Request: POST http://localhost:8001/detect/batch "HTTP/1.1 500 Internal Server Error"
ERROR:ingest_api:L1 batch error at http://localhost:8001: Server error '500 Internal Server Error' for url 'http://localhost:8001/detect/batch'
For more information check: https://developer.mozilla.org/en-US/docs/Web/HTTP/Status/500
INFO:httpx:HTTP Request: POST http://localhost:8001/detect/batch "HTTP/1.1 500 Internal Server Error"
ERROR:ingest_api:L1 batch error at http://localhost:8001: Server error '500 Internal Server Error' for url 'http://localhost:8001/detect/batch'
For more information check: https://developer.mozilla.org/en-US/docs/Web/HTTP/Status/500
INFO:httpx:HTTP Request: POST http://localhost:8001/detect/batch "HTTP/1.1 500 Internal Server Error"
ERROR:ingest_api:L1 batch error at http://localhost:8001: Server error '500 Internal Server Error' for url 'http://localhost:8001/detect/batch'
For more information check: https://developer.mozilla.org/en-US/docs/Web/HTTP/Status/500
INFO:httpx:HTTP Request: POST http://localhost:8001/detect/batch "HTTP/1.1 500 Internal Server Error"
ERROR:ingest_api:L1 batch error at http://localhost:8001: Server error '500 Internal Server Error' for url 'http://localhost:8001/detect/batch'
For more information check: https://developer.mozilla.org/en-US/docs/Web/HTTP/Status/500
INFO:httpx:HTTP Request: POST http://localhost:8001/detect/batch "HTTP/1.1 500 Internal Server Error"
ERROR:ingest_api:L1 batch error at http://localhost:8001: Server error '500 Internal Server Error' for url 'http://localhost:8001/detect/batch'
For more information check: https://developer.mozilla.org/en-US/docs/Web/HTTP/Status/500
INFO:httpx:HTTP Request: POST http://localhost:8001/detect/batch "HTTP/1.1 500 Internal Server Error"
ERROR:ingest_api:L1 batch error at http://localhost:8001: Server error '500 Internal Server Error' for url 'http://localhost:8001/detect/batch'
For more information check: https://developer.mozilla.org/en-US/docs/Web/HTTP/Status/500
INFO:httpx:HTTP Request: POST http://localhost:8001/detect/batch "HTTP/1.1 500 Internal Server Error"
ERROR:ingest_api:L1 batch error at http://localhost:8001: Server error '500 Internal Server Error' for url 'http://localhost:8001/detect/batch'
For more information check: https://developer.mozilla.org/en-US/docs/Web/HTTP/Status/500
INFO:httpx:HTTP Request: POST http://localhost:8001/detect/batch "HTTP/1.1 500 Internal Server Error"
ERROR:ingest_api:L1 batch error at http://localhost:8001: Server error '500 Internal Server Error' for url 'http://localhost:8001/detect/batch'
For more information check: https://developer.mozilla.org/en-US/docs/Web/HTTP/Status/500
INFO:httpx:HTTP Request: POST http://localhost:8001/detect/batch "HTTP/1.1 500 Internal Server Error"
ERROR:ingest_api:L1 batch error at http://localhost:8001: Server error '500 Internal Server Error' for url 'http://localhost:8001/detect/batch'
For more information check: https://developer.mozilla.org/en-US/docs/Web/HTTP/Status/500
INFO:httpx:HTTP Request: POST http://localhost:8001/detect/batch "HTTP/1.1 500 Internal Server Error"
ERROR:ingest_api:L1 batch error at http://localhost:8001: Server error '500 Internal Server Error' for url 'http://localhost:8001/detect/batch'
For more information check: https://developer.mozilla.org/en-US/docs/Web/HTTP/Status/500
INFO:httpx:HTTP Request: POST http://localhost:8001/detect/batch "HTTP/1.1 500 Internal Server Error"
ERROR:ingest_api:L1 batch error at http://localhost:8001: Server error '500 Internal Server Error' for url 'http://localhost:8001/detect/batch'
For more information check: https://developer.mozilla.org/en-US/docs/Web/HTTP/Status/500
INFO:httpx:HTTP Request: POST http://localhost:8001/detect/batch "HTTP/1.1 500 Internal Server Error"
ERROR:ingest_api:L1 batch error at http://localhost:8001: Server error '500 Internal Server Error' for url 'http://localhost:8001/detect/batch'
For more information check: https://developer.mozilla.org/en-US/docs/Web/HTTP/Status/500
INFO:httpx:HTTP Request: POST http://localhost:8001/detect/batch "HTTP/1.1 500 Internal Server Error"
ERROR:ingest_api:L1 batch error at http://localhost:8001: Server error '500 Internal Server Error' for url 'http://localhost:8001/detect/batch'
For more information check: https://developer.mozilla.org/en-US/docs/Web/HTTP/Status/500
INFO:httpx:HTTP Request: POST http://localhost:8001/detect/batch "HTTP/1.1 500 Internal Server Error"
ERROR:ingest_api:L1 batch error at http://localhost:8001: Server error '500 Internal Server Error' for url 'http://localhost:8001/detect/batch'
For more information check: https://developer.mozilla.org/en-US/docs/Web/HTTP/Status/500
INFO:httpx:HTTP Request: POST http://localhost:8001/detect/batch "HTTP/1.1 500 Internal Server Error"
ERROR:ingest_api:L1 batch error at http://localhost:8001: Server error '500 Internal Server Error' for url 'http://localhost:8001/detect/batch'
For more information check: https://developer.mozilla.org/en-US/docs/Web/HTTP/Status/500
INFO:httpx:HTTP Request: POST http://localhost:8001/detect/batch "HTTP/1.1 500 Internal Server Error"
ERROR:ingest_api:L1 batch error at http://localhost:8001: Server error '500 Internal Server Error' for url 'http://localhost:8001/detect/batch'
For more information check: https://developer.mozilla.org/en-US/docs/Web/HTTP/Status/500
INFO:httpx:HTTP Request: POST http://localhost:8001/detect/batch "HTTP/1.1 500 Internal Server Error"
ERROR:ingest_api:L1 batch error at http://localhost:8001: Server error '500 Internal Server Error' for url 'http://localhost:8001/detect/batch'
For more information check: https://developer.mozilla.org/en-US/docs/Web/HTTP/Status/500
INFO:httpx:HTTP Request: POST http://localhost:8001/detect/batch "HTTP/1.1 500 Internal Server Error"
ERROR:ingest_api:L1 batch error at http://localhost:8001: Server error '500 Internal Server Error' for url 'http://localhost:8001/detect/batch'
For more information check: https://developer.mozilla.org/en-US/docs/Web/HTTP/Status/500
INFO:httpx:HTTP Request: POST http://localhost:8001/detect/batch "HTTP/1.1 500 Internal Server Error"
ERROR:ingest_api:L1 batch error at http://localhost:8001: Server error '500 Internal Server Error' for url 'http://localhost:8001/detect/batch'
For more information check: https://developer.mozilla.org/en-US/docs/Web/HTTP/Status/500
INFO:httpx:HTTP Request: POST http://localhost:8001/detect/batch "HTTP/1.1 500 Internal Server Error"
ERROR:ingest_api:L1 batch error at http://localhost:8001: Server error '500 Internal Server Error' for url 'http://localhost:8001/detect/batch'
For more information check: https://developer.mozilla.org/en-US/docs/Web/HTTP/Status/500
INFO:httpx:HTTP Request: POST http://localhost:8001/detect/batch "HTTP/1.1 500 Internal Server Error"
ERROR:ingest_api:L1 batch error at http://localhost:8001: Server error '500 Internal Server Error' for url 'http://localhost:8001/detect/batch'
For more information check: https://developer.mozilla.org/en-US/docs/Web/HTTP/Status/500
INFO:httpx:HTTP Request: POST http://localhost:8001/detect/batch "HTTP/1.1 500 Internal Server Error"
ERROR:ingest_api:L1 batch error at http://localhost:8001: Server error '500 Internal Server Error' for url 'http://localhost:8001/detect/batch'
For more information check: https://developer.mozilla.org/en-US/docs/Web/HTTP/Status/500
INFO:httpx:HTTP Request: POST http://localhost:8001/detect/batch "HTTP/1.1 500 Internal Server Error"
ERROR:ingest_api:L1 batch error at http://localhost:8001: Server error '500 Internal Server Error' for url 'http://localhost:8001/detect/batch'
For more information check: https://developer.mozilla.org/en-US/docs/Web/HTTP/Status/500
INFO:httpx:HTTP Request: POST http://localhost:8001/detect/batch "HTTP/1.1 500 Internal Server Error"
ERROR:ingest_api:L1 batch error at http://localhost:8001: Server error '500 Internal Server Error' for url 'http://localhost:8001/detect/batch'
For more information check: https://developer.mozilla.org/en-US/docs/Web/HTTP/Status/500
INFO:httpx:HTTP Request: POST http://localhost:8001/detect/batch "HTTP/1.1 500 Internal Server Error"
ERROR:ingest_api:L1 batch error at http://localhost:8001: Server error '500 Internal Server Error' for url 'http://localhost:8001/detect/batch'
For more information check: https://developer.mozilla.org/en-US/docs/Web/HTTP/Status/500
INFO:httpx:HTTP Request: POST http://localhost:8001/detect/batch "HTTP/1.1 500 Internal Server Error"
ERROR:ingest_api:L1 batch error at http://localhost:8001: Server error '500 Internal Server Error' for url 'http://localhost:8001/detect/batch'
For more information check: https://developer.mozilla.org/en-US/docs/Web/HTTP/Status/500
INFO:httpx:HTTP Request: POST http://localhost:8001/detect/batch "HTTP/1.1 500 Internal Server Error"
ERROR:ingest_api:L1 batch error at http://localhost:8001: Server error '500 Internal Server Error' for url 'http://localhost:8001/detect/batch'
For more information check: https://developer.mozilla.org/en-US/docs/Web/HTTP/Status/500
INFO:httpx:HTTP Request: POST http://localhost:8001/detect/batch "HTTP/1.1 500 Internal Server Error"
ERROR:ingest_api:L1 batch error at http://localhost:8001: Server error '500 Internal Server Error' for url 'http://localhost:8001/detect/batch'
For more information check: https://developer.mozilla.org/en-US/docs/Web/HTTP/Status/500
INFO:httpx:HTTP Request: POST http://localhost:8001/detect/batch "HTTP/1.1 500 Internal Server Error"
ERROR:ingest_api:L1 batch error at http://localhost:8001: Server error '500 Internal Server Error' for url 'http://localhost:8001/detect/batch'
For more information check: https://developer.mozilla.org/en-US/docs/Web/HTTP/Status/500
INFO:httpx:HTTP Request: POST http://localhost:8001/detect/batch "HTTP/1.1 500 Internal Server Error"
ERROR:ingest_api:L1 batch error at http://localhost:8001: Server error '500 Internal Server Error' for url 'http://localhost:8001/detect/batch'
For more information check: https://developer.mozilla.org/en-US/docs/Web/HTTP/Status/500
INFO:httpx:HTTP Request: POST http://localhost:8001/detect/batch "HTTP/1.1 500 Internal Server Error"
ERROR:ingest_api:L1 batch error at http://localhost:8001: Server error '500 Internal Server Error' for url 'http://localhost:8001/detect/batch'
For more information check: https://developer.mozilla.org/en-US/docs/Web/HTTP/Status/500
INFO:httpx:HTTP Request: POST http://localhost:8001/detect/batch "HTTP/1.1 500 Internal Server Error"
ERROR:ingest_api:L1 batch error at http://localhost:8001: Server error '500 Internal Server Error' for url 'http://localhost:8001/detect/batch'
For more information check: https://developer.mozilla.org/en-US/docs/Web/HTTP/Status/500
INFO:httpx:HTTP Request: POST http://localhost:8001/detect/batch "HTTP/1.1 500 Internal Server Error"
ERROR:ingest_api:L1 batch error at http://localhost:8001: Server error '500 Internal Server Error' for url 'http://localhost:8001/detect/batch'
For more information check: https://developer.mozilla.org/en-US/docs/Web/HTTP/Status/500
INFO:httpx:HTTP Request: POST http://localhost:8001/detect/batch "HTTP/1.1 500 Internal Server Error"
ERROR:ingest_api:L1 batch error at http://localhost:8001: Server error '500 Internal Server Error' for url 'http://localhost:8001/detect/batch'
For more information check: https://developer.mozilla.org/en-US/docs/Web/HTTP/Status/500
INFO:httpx:HTTP Request: POST http://localhost:8001/detect/batch "HTTP/1.1 500 Internal Server Error"
ERROR:ingest_api:L1 batch error at http://localhost:8001: Server error '500 Internal Server Error' for url 'http://localhost:8001/detect/batch'
For more information check: https://developer.mozilla.org/en-US/docs/Web/HTTP/Status/500
INFO:httpx:HTTP Request: POST http://localhost:8001/detect/batch "HTTP/1.1 500 Internal Server Error"
ERROR:ingest_api:L1 batch error at http://localhost:8001: Server error '500 Internal Server Error' for url 'http://localhost:8001/detect/batch'
For more information check: https://developer.mozilla.org/en-US/docs/Web/HTTP/Status/500
INFO:httpx:HTTP Request: POST http://localhost:8001/detect/batch "HTTP/1.1 500 Internal Server Error"
ERROR:ingest_api:L1 batch error at http://localhost:8001: Server error '500 Internal Server Error' for url 'http://localhost:8001/detect/batch'
For more information check: https://developer.mozilla.org/en-US/docs/Web/HTTP/Status/500
INFO:httpx:HTTP Request: POST http://localhost:8001/detect/batch "HTTP/1.1 500 Internal Server Error"
ERROR:ingest_api:L1 batch error at http://localhost:8001: Server error '500 Internal Server Error' for url 'http://localhost:8001/detect/batch'
For more information check: https://developer.mozilla.org/en-US/docs/Web/HTTP/Status/500
INFO:httpx:HTTP Request: POST http://localhost:8001/detect/batch "HTTP/1.1 500 Internal Server Error"
ERROR:ingest_api:L1 batch error at http://localhost:8001: Server error '500 Internal Server Error' for url 'http://localhost:8001/detect/batch'
For more information check: https://developer.mozilla.org/en-US/docs/Web/HTTP/Status/500
INFO:httpx:HTTP Request: POST http://localhost:8001/detect/batch "HTTP/1.1 500 Internal Server Error"
ERROR:ingest_api:L1 batch error at http://localhost:8001: Server error '500 Internal Server Error' for url 'http://localhost:8001/detect/batch'
For more information check: https://developer.mozilla.org/en-US/docs/Web/HTTP/Status/500
INFO:httpx:HTTP Request: POST http://localhost:8001/detect/batch "HTTP/1.1 500 Internal Server Error"
ERROR:ingest_api:L1 batch error at http://localhost:8001: Server error '500 Internal Server Error' for url 'http://localhost:8001/detect/batch'
For more information check: https://developer.mozilla.org/en-US/docs/Web/HTTP/Status/500
INFO:httpx:HTTP Request: POST http://localhost:8001/detect/batch "HTTP/1.1 500 Internal Server Error"
ERROR:ingest_api:L1 batch error at http://localhost:8001: Server error '500 Internal Server Error' for url 'http://localhost:8001/detect/batch'
For more information check: https://developer.mozilla.org/en-US/docs/Web/HTTP/Status/500
INFO:httpx:HTTP Request: POST http://localhost:8001/detect/batch "HTTP/1.1 500 Internal Server Error"
ERROR:ingest_api:L1 batch error at http://localhost:8001: Server error '500 Internal Server Error' for url 'http://localhost:8001/detect/batch'
For more information check: https://developer.mozilla.org/en-US/docs/Web/HTTP/Status/500
INFO:httpx:HTTP Request: POST http://localhost:8001/detect/batch "HTTP/1.1 500 Internal Server Error"
ERROR:ingest_api:L1 batch error at http://localhost:8001: Server error '500 Internal Server Error' for url 'http://localhost:8001/detect/batch'
For more information check: https://developer.mozilla.org/en-US/docs/Web/HTTP/Status/500
INFO:httpx:HTTP Request: POST http://localhost:8001/detect/batch "HTTP/1.1 500 Internal Server Error"
ERROR:ingest_api:L1 batch error at http://localhost:8001: Server error '500 Internal Server Error' for url 'http://localhost:8001/detect/batch'
For more information check: https://developer.mozilla.org/en-US/docs/Web/HTTP/Status/500
INFO:httpx:HTTP Request: POST http://localhost:8001/detect/batch "HTTP/1.1 500 Internal Server Error"
ERROR:ingest_api:L1 batch error at http://localhost:8001: Server error '500 Internal Server Error' for url 'http://localhost:8001/detect/batch'
For more information check: https://developer.mozilla.org/en-US/docs/Web/HTTP/Status/500
INFO:httpx:HTTP Request: POST http://localhost:8001/detect/batch "HTTP/1.1 500 Internal Server Error"
ERROR:ingest_api:L1 batch error at http://localhost:8001: Server error '500 Internal Server Error' for url 'http://localhost:8001/detect/batch'
For more information check: https://developer.mozilla.org/en-US/docs/Web/HTTP/Status/500
INFO:httpx:HTTP Request: POST http://localhost:8001/detect/batch "HTTP/1.1 500 Internal Server Error"
ERROR:ingest_api:L1 batch error at http://localhost:8001: Server error '500 Internal Server Error' for url 'http://localhost:8001/detect/batch'
For more information check: https://developer.mozilla.org/en-US/docs/Web/HTTP/Status/500
INFO:httpx:HTTP Request: POST http://localhost:8001/detect/batch "HTTP/1.1 500 Internal Server Error"
ERROR:ingest_api:L1 batch error at http://localhost:8001: Server error '500 Internal Server Error' for url 'http://localhost:8001/detect/batch'
For more information check: https://developer.mozilla.org/en-US/docs/Web/HTTP/Status/500
INFO:httpx:HTTP Request: POST http://localhost:8001/detect/batch "HTTP/1.1 500 Internal Server Error"
ERROR:ingest_api:L1 batch error at http://localhost:8001: Server error '500 Internal Server Error' for url 'http://localhost:8001/detect/batch'
For more information check: https://developer.mozilla.org/en-US/docs/Web/HTTP/Status/500
INFO:httpx:HTTP Request: POST http://localhost:8001/detect/batch "HTTP/1.1 500 Internal Server Error"
ERROR:ingest_api:L1 batch error at http://localhost:8001: Server error '500 Internal Server Error' for url 'http://localhost:8001/detect/batch'
For more information check: https://developer.mozilla.org/en-US/docs/Web/HTTP/Status/500
INFO:httpx:HTTP Request: POST http://localhost:8001/detect/batch "HTTP/1.1 500 Internal Server Error"
ERROR:ingest_api:L1 batch error at http://localhost:8001: Server error '500 Internal Server Error' for url 'http://localhost:8001/detect/batch'
For more information check: https://developer.mozilla.org/en-US/docs/Web/HTTP/Status/500
INFO:httpx:HTTP Request: POST http://localhost:8001/detect/batch "HTTP/1.1 500 Internal Server Error"
ERROR:ingest_api:L1 batch error at http://localhost:8001: Server error '500 Internal Server Error' for url 'http://localhost:8001/detect/batch'
For more information check: https://developer.mozilla.org/en-US/docs/Web/HTTP/Status/500
INFO:httpx:HTTP Request: POST http://localhost:8001/detect/batch "HTTP/1.1 500 Internal Server Error"
ERROR:ingest_api:L1 batch error at http://localhost:8001: Server error '500 Internal Server Error' for url 'http://localhost:8001/detect/batch'
For more information check: https://developer.mozilla.org/en-US/docs/Web/HTTP/Status/500
INFO:httpx:HTTP Request: POST http://localhost:8001/detect/batch "HTTP/1.1 500 Internal Server Error"
ERROR:ingest_api:L1 batch error at http://localhost:8001: Server error '500 Internal Server Error' for url 'http://localhost:8001/detect/batch'
For more information check: https://developer.mozilla.org/en-US/docs/Web/HTTP/Status/500
INFO:httpx:HTTP Request: POST http://localhost:8001/detect/batch "HTTP/1.1 500 Internal Server Error"
ERROR:ingest_api:L1 batch error at http://localhost:8001: Server error '500 Internal Server Error' for url 'http://localhost:8001/detect/batch'
For more information check: https://developer.mozilla.org/en-US/docs/Web/HTTP/Status/500
INFO:httpx:HTTP Request: POST http://localhost:8001/detect/batch "HTTP/1.1 500 Internal Server Error"
ERROR:ingest_api:L1 batch error at http://localhost:8001: Server error '500 Internal Server Error' for url 'http://localhost:8001/detect/batch'
For more information check: https://developer.mozilla.org/en-US/docs/Web/HTTP/Status/500
INFO:httpx:HTTP Request: POST http://localhost:8001/detect/batch "HTTP/1.1 500 Internal Server Error"
ERROR:ingest_api:L1 batch error at http://localhost:8001: Server error '500 Internal Server Error' for url 'http://localhost:8001/detect/batch'
For more information check: https://developer.mozilla.org/en-US/docs/Web/HTTP/Status/500
INFO:httpx:HTTP Request: POST http://localhost:8001/detect/batch "HTTP/1.1 500 Internal Server Error"
ERROR:ingest_api:L1 batch error at http://localhost:8001: Server error '500 Internal Server Error' for url 'http://localhost:8001/detect/batch'
For more information check: https://developer.mozilla.org/en-US/docs/Web/HTTP/Status/500
INFO:httpx:HTTP Request: POST http://localhost:8001/detect/batch "HTTP/1.1 500 Internal Server Error"
ERROR:ingest_api:L1 batch error at http://localhost:8001: Server error '500 Internal Server Error' for url 'http://localhost:8001/detect/batch'
For more information check: https://developer.mozilla.org/en-US/docs/Web/HTTP/Status/500
INFO:httpx:HTTP Request: POST http://localhost:8001/detect/batch "HTTP/1.1 500 Internal Server Error"
ERROR:ingest_api:L1 batch error at http://localhost:8001: Server error '500 Internal Server Error' for url 'http://localhost:8001/detect/batch'
For more information check: https://developer.mozilla.org/en-US/docs/Web/HTTP/Status/500
INFO:httpx:HTTP Request: POST http://localhost:8001/detect/batch "HTTP/1.1 500 Internal Server Error"
ERROR:ingest_api:L1 batch error at http://localhost:8001: Server error '500 Internal Server Error' for url 'http://localhost:8001/detect/batch'
For more information check: https://developer.mozilla.org/en-US/docs/Web/HTTP/Status/500
INFO:httpx:HTTP Request: POST http://localhost:8001/detect/batch "HTTP/1.1 500 Internal Server Error"
ERROR:ingest_api:L1 batch error at http://localhost:8001: Server error '500 Internal Server Error' for url 'http://localhost:8001/detect/batch'
For more information check: https://developer.mozilla.org/en-US/docs/Web/HTTP/Status/500
INFO:httpx:HTTP Request: POST http://localhost:8001/detect/batch "HTTP/1.1 500 Internal Server Error"
ERROR:ingest_api:L1 batch error at http://localhost:8001: Server error '500 Internal Server Error' for url 'http://localhost:8001/detect/batch'
For more information check: https://developer.mozilla.org/en-US/docs/Web/HTTP/Status/500
INFO:httpx:HTTP Request: POST http://localhost:8001/detect/batch "HTTP/1.1 500 Internal Server Error"
ERROR:ingest_api:L1 batch error at http://localhost:8001: Server error '500 Internal Server Error' for url 'http://localhost:8001/detect/batch'
For more information check: https://developer.mozilla.org/en-US/docs/Web/HTTP/Status/500
INFO:httpx:HTTP Request: POST http://localhost:8001/detect/batch "HTTP/1.1 500 Internal Server Error"
ERROR:ingest_api:L1 batch error at http://localhost:8001: Server error '500 Internal Server Error' for url 'http://localhost:8001/detect/batch'
For more information check: https://developer.mozilla.org/en-US/docs/Web/HTTP/Status/500
INFO:httpx:HTTP Request: POST http://localhost:8001/detect/batch "HTTP/1.1 500 Internal Server Error"
ERROR:ingest_api:L1 batch error at http://localhost:8001: Server error '500 Internal Server Error' for url 'http://localhost:8001/detect/batch'
For more information check: https://developer.mozilla.org/en-US/docs/Web/HTTP/Status/500
INFO:httpx:HTTP Request: POST http://localhost:8001/detect/batch "HTTP/1.1 500 Internal Server Error"
ERROR:ingest_api:L1 batch error at http://localhost:8001: Server error '500 Internal Server Error' for url 'http://localhost:8001/detect/batch'
For more information check: https://developer.mozilla.org/en-US/docs/Web/HTTP/Status/500
INFO:httpx:HTTP Request: POST http://localhost:8001/detect/batch "HTTP/1.1 500 Internal Server Error"
ERROR:ingest_api:L1 batch error at http://localhost:8001: Server error '500 Internal Server Error' for url 'http://localhost:8001/detect/batch'
For more information check: https://developer.mozilla.org/en-US/docs/Web/HTTP/Status/500
INFO:httpx:HTTP Request: POST http://localhost:8001/detect/batch "HTTP/1.1 500 Internal Server Error"
ERROR:ingest_api:L1 batch error at http://localhost:8001: Server error '500 Internal Server Error' for url 'http://localhost:8001/detect/batch'
For more information check: https://developer.mozilla.org/en-US/docs/Web/HTTP/Status/500
INFO:httpx:HTTP Request: POST http://localhost:8001/detect/batch "HTTP/1.1 500 Internal Server Error"
ERROR:ingest_api:L1 batch error at http://localhost:8001: Server error '500 Internal Server Error' for url 'http://localhost:8001/detect/batch'
For more information check: https://developer.mozilla.org/en-US/docs/Web/HTTP/Status/500
INFO:httpx:HTTP Request: POST http://localhost:8001/detect/batch "HTTP/1.1 500 Internal Server Error"
ERROR:ingest_api:L1 batch error at http://localhost:8001: Server error '500 Internal Server Error' for url 'http://localhost:8001/detect/batch'
For more information check: https://developer.mozilla.org/en-US/docs/Web/HTTP/Status/500
INFO:httpx:HTTP Request: POST http://localhost:8001/detect/batch "HTTP/1.1 500 Internal Server Error"
ERROR:ingest_api:L1 batch error at http://localhost:8001: Server error '500 Internal Server Error' for url 'http://localhost:8001/detect/batch'
For more information check: https://developer.mozilla.org/en-US/docs/Web/HTTP/Status/500
INFO:httpx:HTTP Request: POST http://localhost:8001/detect/batch "HTTP/1.1 500 Internal Server Error"
ERROR:ingest_api:L1 batch error at http://localhost:8001: Server error '500 Internal Server Error' for url 'http://localhost:8001/detect/batch'
For more information check: https://developer.mozilla.org/en-US/docs/Web/HTTP/Status/500
INFO:httpx:HTTP Request: POST http://localhost:8001/detect/batch "HTTP/1.1 500 Internal Server Error"
ERROR:ingest_api:L1 batch error at http://localhost:8001: Server error '500 Internal Server Error' for url 'http://localhost:8001/detect/batch'
For more information check: https://developer.mozilla.org/en-US/docs/Web/HTTP/Status/500
INFO:httpx:HTTP Request: POST http://localhost:8001/detect/batch "HTTP/1.1 500 Internal Server Error"
INFO:httpx:HTTP Request: POST http://localhost:8001/detect/batch "HTTP/1.1 500 Internal Server Error"
ERROR:ingest_api:L1 batch error at http://localhost:8001: Server error '500 Internal Server Error' for url 'http://localhost:8001/detect/batch'
For more information check: https://developer.mozilla.org/en-US/docs/Web/HTTP/Status/500
ERROR:ingest_api:L1 batch error at http://localhost:8001: Server error '500 Internal Server Error' for url 'http://localhost:8001/detect/batch'
For more information check: https://developer.mozilla.org/en-US/docs/Web/HTTP/Status/500
INFO:httpx:HTTP Request: POST http://localhost:8001/detect/batch "HTTP/1.1 500 Internal Server Error"
ERROR:ingest_api:L1 batch error at http://localhost:8001: Server error '500 Internal Server Error' for url 'http://localhost:8001/detect/batch'
For more information check: https://developer.mozilla.org/en-US/docs/Web/HTTP/Status/500
INFO:httpx:HTTP Request: POST http://localhost:8001/detect/batch "HTTP/1.1 500 Internal Server Error"
ERROR:ingest_api:L1 batch error at http://localhost:8001: Server error '500 Internal Server Error' for url 'http://localhost:8001/detect/batch'
For more information check: https://developer.mozilla.org/en-US/docs/Web/HTTP/Status/500
INFO:httpx:HTTP Request: POST http://localhost:8001/detect/batch "HTTP/1.1 500 Internal Server Error"
ERROR:ingest_api:L1 batch error at http://localhost:8001: Server error '500 Internal Server Error' for url 'http://localhost:8001/detect/batch'
For more information check: https://developer.mozilla.org/en-US/docs/Web/HTTP/Status/500
INFO:httpx:HTTP Request: POST http://localhost:8001/detect/batch "HTTP/1.1 500 Internal Server Error"
ERROR:ingest_api:L1 batch error at http://localhost:8001: Server error '500 Internal Server Error' for url 'http://localhost:8001/detect/batch'
For more information check: https://developer.mozilla.org/en-US/docs/Web/HTTP/Status/500
INFO:httpx:HTTP Request: POST http://localhost:8001/detect/batch "HTTP/1.1 500 Internal Server Error"
ERROR:ingest_api:L1 batch error at http://localhost:8001: Server error '500 Internal Server Error' for url 'http://localhost:8001/detect/batch'
For more information check: https://developer.mozilla.org/en-US/docs/Web/HTTP/Status/500
INFO:httpx:HTTP Request: POST http://localhost:8001/detect/batch "HTTP/1.1 500 Internal Server Error"
ERROR:ingest_api:L1 batch error at http://localhost:8001: Server error '500 Internal Server Error' for url 'http://localhost:8001/detect/batch'
For more information check: https://developer.mozilla.org/en-US/docs/Web/HTTP/Status/500
INFO:httpx:HTTP Request: POST http://localhost:8001/detect/batch "HTTP/1.1 500 Internal Server Error"
ERROR:ingest_api:L1 batch error at http://localhost:8001: Server error '500 Internal Server Error' for url 'http://localhost:8001/detect/batch'
For more information check: https://developer.mozilla.org/en-US/docs/Web/HTTP/Status/500
INFO:httpx:HTTP Request: POST http://localhost:8001/detect/batch "HTTP/1.1 500 Internal Server Error"
ERROR:ingest_api:L1 batch error at http://localhost:8001: Server error '500 Internal Server Error' for url 'http://localhost:8001/detect/batch'
For more information check: https://developer.mozilla.org/en-US/docs/Web/HTTP/Status/500
INFO:httpx:HTTP Request: POST http://localhost:8001/detect/batch "HTTP/1.1 500 Internal Server Error"
ERROR:ingest_api:L1 batch error at http://localhost:8001: Server error '500 Internal Server Error' for url 'http://localhost:8001/detect/batch'
For more information check: https://developer.mozilla.org/en-US/docs/Web/HTTP/Status/500
INFO:httpx:HTTP Request: POST http://localhost:8001/detect/batch "HTTP/1.1 500 Internal Server Error"
ERROR:ingest_api:L1 batch error at http://localhost:8001: Server error '500 Internal Server Error' for url 'http://localhost:8001/detect/batch'
For more information check: https://developer.mozilla.org/en-US/docs/Web/HTTP/Status/500
INFO:httpx:HTTP Request: POST http://localhost:8001/detect/batch "HTTP/1.1 500 Internal Server Error"
ERROR:ingest_api:L1 batch error at http://localhost:8001: Server error '500 Internal Server Error' for url 'http://localhost:8001/detect/batch'
For more information check: https://developer.mozilla.org/en-US/docs/Web/HTTP/Status/500
INFO:httpx:HTTP Request: POST http://localhost:8001/detect/batch "HTTP/1.1 500 Internal Server Error"
ERROR:ingest_api:L1 batch error at http://localhost:8001: Server error '500 Internal Server Error' for url 'http://localhost:8001/detect/batch'
For more information check: https://developer.mozilla.org/en-US/docs/Web/HTTP/Status/500
INFO:httpx:HTTP Request: POST http://localhost:8001/detect/batch "HTTP/1.1 500 Internal Server Error"
ERROR:ingest_api:L1 batch error at http://localhost:8001: Server error '500 Internal Server Error' for url 'http://localhost:8001/detect/batch'
For more information check: https://developer.mozilla.org/en-US/docs/Web/HTTP/Status/500
INFO:httpx:HTTP Request: POST http://localhost:8001/detect/batch "HTTP/1.1 500 Internal Server Error"
ERROR:ingest_api:L1 batch error at http://localhost:8001: Server error '500 Internal Server Error' for url 'http://localhost:8001/detect/batch'
For more information check: https://developer.mozilla.org/en-US/docs/Web/HTTP/Status/500
INFO:httpx:HTTP Request: POST http://localhost:8001/detect/batch "HTTP/1.1 500 Internal Server Error"
ERROR:ingest_api:L1 batch error at http://localhost:8001: Server error '500 Internal Server Error' for url 'http://localhost:8001/detect/batch'
For more information check: https://developer.mozilla.org/en-US/docs/Web/HTTP/Status/500
INFO:httpx:HTTP Request: POST http://localhost:8001/detect/batch "HTTP/1.1 500 Internal Server Error"
ERROR:ingest_api:L1 batch error at http://localhost:8001: Server error '500 Internal Server Error' for url 'http://localhost:8001/detect/batch'
For more information check: https://developer.mozilla.org/en-US/docs/Web/HTTP/Status/500
INFO:httpx:HTTP Request: POST http://localhost:8001/detect/batch "HTTP/1.1 500 Internal Server Error"
ERROR:ingest_api:L1 batch error at http://localhost:8001: Server error '500 Internal Server Error' for url 'http://localhost:8001/detect/batch'
For more information check: https://developer.mozilla.org/en-US/docs/Web/HTTP/Status/500
INFO:httpx:HTTP Request: POST http://localhost:8001/detect/batch "HTTP/1.1 500 Internal Server Error"
ERROR:ingest_api:L1 batch error at http://localhost:8001: Server error '500 Internal Server Error' for url 'http://localhost:8001/detect/batch'
For more information check: https://developer.mozilla.org/en-US/docs/Web/HTTP/Status/500
INFO:httpx:HTTP Request: POST http://localhost:8001/detect/batch "HTTP/1.1 500 Internal Server Error"
ERROR:ingest_api:L1 batch error at http://localhost:8001: Server error '500 Internal Server Error' for url 'http://localhost:8001/detect/batch'
For more information check: https://developer.mozilla.org/en-US/docs/Web/HTTP/Status/500
INFO:httpx:HTTP Request: POST http://localhost:8001/detect/batch "HTTP/1.1 500 Internal Server Error"
ERROR:ingest_api:L1 batch error at http://localhost:8001: Server error '500 Internal Server Error' for url 'http://localhost:8001/detect/batch'
For more information check: https://developer.mozilla.org/en-US/docs/Web/HTTP/Status/500
INFO:httpx:HTTP Request: POST http://localhost:8001/detect/batch "HTTP/1.1 500 Internal Server Error"
ERROR:ingest_api:L1 batch error at http://localhost:8001: Server error '500 Internal Server Error' for url 'http://localhost:8001/detect/batch'
For more information check: https://developer.mozilla.org/en-US/docs/Web/HTTP/Status/500
INFO:httpx:HTTP Request: POST http://localhost:8001/detect/batch "HTTP/1.1 500 Internal Server Error"
ERROR:ingest_api:L1 batch error at http://localhost:8001: Server error '500 Internal Server Error' for url 'http://localhost:8001/detect/batch'
For more information check: https://developer.mozilla.org/en-US/docs/Web/HTTP/Status/500
INFO:httpx:HTTP Request: POST http://localhost:8001/detect/batch "HTTP/1.1 500 Internal Server Error"
ERROR:ingest_api:L1 batch error at http://localhost:8001: Server error '500 Internal Server Error' for url 'http://localhost:8001/detect/batch'
For more information check: https://developer.mozilla.org/en-US/docs/Web/HTTP/Status/500
INFO:httpx:HTTP Request: POST http://localhost:8001/detect/batch "HTTP/1.1 500 Internal Server Error"
ERROR:ingest_api:L1 batch error at http://localhost:8001: Server error '500 Internal Server Error' for url 'http://localhost:8001/detect/batch'
For more information check: https://developer.mozilla.org/en-US/docs/Web/HTTP/Status/500
INFO:httpx:HTTP Request: POST http://localhost:8001/detect/batch "HTTP/1.1 500 Internal Server Error"
ERROR:ingest_api:L1 batch error at http://localhost:8001: Server error '500 Internal Server Error' for url 'http://localhost:8001/detect/batch'
For more information check: https://developer.mozilla.org/en-US/docs/Web/HTTP/Status/500
INFO:httpx:HTTP Request: POST http://localhost:8001/detect/batch "HTTP/1.1 500 Internal Server Error"
ERROR:ingest_api:L1 batch error at http://localhost:8001: Server error '500 Internal Server Error' for url 'http://localhost:8001/detect/batch'
For more information check: https://developer.mozilla.org/en-US/docs/Web/HTTP/Status/500
INFO:httpx:HTTP Request: POST http://localhost:8001/detect/batch "HTTP/1.1 500 Internal Server Error"
ERROR:ingest_api:L1 batch error at http://localhost:8001: Server error '500 Internal Server Error' for url 'http://localhost:8001/detect/batch'
For more information check: https://developer.mozilla.org/en-US/docs/Web/HTTP/Status/500
INFO:httpx:HTTP Request: POST http://localhost:8001/detect/batch "HTTP/1.1 500 Internal Server Error"
ERROR:ingest_api:L1 batch error at http://localhost:8001: Server error '500 Internal Server Error' for url 'http://localhost:8001/detect/batch'
For more information check: https://developer.mozilla.org/en-US/docs/Web/HTTP/Status/500
INFO:httpx:HTTP Request: POST http://localhost:8001/detect/batch "HTTP/1.1 500 Internal Server Error"
ERROR:ingest_api:L1 batch error at http://localhost:8001: Server error '500 Internal Server Error' for url 'http://localhost:8001/detect/batch'
For more information check: https://developer.mozilla.org/en-US/docs/Web/HTTP/Status/500
INFO:httpx:HTTP Request: POST http://localhost:8001/detect/batch "HTTP/1.1 500 Internal Server Error"
ERROR:ingest_api:L1 batch error at http://localhost:8001: Server error '500 Internal Server Error' for url 'http://localhost:8001/detect/batch'
For more information check: https://developer.mozilla.org/en-US/docs/Web/HTTP/Status/500
INFO:httpx:HTTP Request: POST http://localhost:8001/detect/batch "HTTP/1.1 500 Internal Server Error"
ERROR:ingest_api:L1 batch error at http://localhost:8001: Server error '500 Internal Server Error' for url 'http://localhost:8001/detect/batch'
For more information check: https://developer.mozilla.org/en-US/docs/Web/HTTP/Status/500
INFO:httpx:HTTP Request: POST http://localhost:8001/detect/batch "HTTP/1.1 500 Internal Server Error"
ERROR:ingest_api:L1 batch error at http://localhost:8001: Server error '500 Internal Server Error' for url 'http://localhost:8001/detect/batch'
For more information check: https://developer.mozilla.org/en-US/docs/Web/HTTP/Status/500
INFO:httpx:HTTP Request: POST http://localhost:8001/detect/batch "HTTP/1.1 500 Internal Server Error"
ERROR:ingest_api:L1 batch error at http://localhost:8001: Server error '500 Internal Server Error' for url 'http://localhost:8001/detect/batch'
For more information check: https://developer.mozilla.org/en-US/docs/Web/HTTP/Status/500
INFO:httpx:HTTP Request: POST http://localhost:8001/detect/batch "HTTP/1.1 500 Internal Server Error"
ERROR:ingest_api:L1 batch error at http://localhost:8001: Server error '500 Internal Server Error' for url 'http://localhost:8001/detect/batch'
For more information check: https://developer.mozilla.org/en-US/docs/Web/HTTP/Status/500
INFO:httpx:HTTP Request: POST http://localhost:8001/detect/batch "HTTP/1.1 500 Internal Server Error"
ERROR:ingest_api:L1 batch error at http://localhost:8001: Server error '500 Internal Server Error' for url 'http://localhost:8001/detect/batch'
For more information check: https://developer.mozilla.org/en-US/docs/Web/HTTP/Status/500
INFO:httpx:HTTP Request: POST http://localhost:8001/detect/batch "HTTP/1.1 500 Internal Server Error"
ERROR:ingest_api:L1 batch error at http://localhost:8001: Server error '500 Internal Server Error' for url 'http://localhost:8001/detect/batch'
For more information check: https://developer.mozilla.org/en-US/docs/Web/HTTP/Status/500
INFO:httpx:HTTP Request: POST http://localhost:8001/detect/batch "HTTP/1.1 500 Internal Server Error"
ERROR:ingest_api:L1 batch error at http://localhost:8001: Server error '500 Internal Server Error' for url 'http://localhost:8001/detect/batch'
For more information check: https://developer.mozilla.org/en-US/docs/Web/HTTP/Status/500
INFO:httpx:HTTP Request: POST http://localhost:8001/detect/batch "HTTP/1.1 500 Internal Server Error"
ERROR:ingest_api:L1 batch error at http://localhost:8001: Server error '500 Internal Server Error' for url 'http://localhost:8001/detect/batch'
For more information check: https://developer.mozilla.org/en-US/docs/Web/HTTP/Status/500
INFO:httpx:HTTP Request: POST http://localhost:8001/detect/batch "HTTP/1.1 500 Internal Server Error"
ERROR:ingest_api:L1 batch error at http://localhost:8001: Server error '500 Internal Server Error' for url 'http://localhost:8001/detect/batch'
For more information check: https://developer.mozilla.org/en-US/docs/Web/HTTP/Status/500
INFO:httpx:HTTP Request: POST http://localhost:8001/detect/batch "HTTP/1.1 500 Internal Server Error"
ERROR:ingest_api:L1 batch error at http://localhost:8001: Server error '500 Internal Server Error' for url 'http://localhost:8001/detect/batch'
For more information check: https://developer.mozilla.org/en-US/docs/Web/HTTP/Status/500
INFO:httpx:HTTP Request: POST http://localhost:8001/detect/batch "HTTP/1.1 500 Internal Server Error"
ERROR:ingest_api:L1 batch error at http://localhost:8001: Server error '500 Internal Server Error' for url 'http://localhost:8001/detect/batch'
For more information check: https://developer.mozilla.org/en-US/docs/Web/HTTP/Status/500
INFO:httpx:HTTP Request: POST http://localhost:8001/detect/batch "HTTP/1.1 500 Internal Server Error"
ERROR:ingest_api:L1 batch error at http://localhost:8001: Server error '500 Internal Server Error' for url 'http://localhost:8001/detect/batch'
For more information check: https://developer.mozilla.org/en-US/docs/Web/HTTP/Status/500
INFO:httpx:HTTP Request: POST http://localhost:8001/detect/batch "HTTP/1.1 500 Internal Server Error"
ERROR:ingest_api:L1 batch error at http://localhost:8001: Server error '500 Internal Server Error' for url 'http://localhost:8001/detect/batch'
For more information check: https://developer.mozilla.org/en-US/docs/Web/HTTP/Status/500
INFO:httpx:HTTP Request: POST http://localhost:8001/detect/batch "HTTP/1.1 500 Internal Server Error"
ERROR:ingest_api:L1 batch error at http://localhost:8001: Server error '500 Internal Server Error' for url 'http://localhost:8001/detect/batch'
For more information check: https://developer.mozilla.org/en-US/docs/Web/HTTP/Status/500
INFO:httpx:HTTP Request: GET http://localhost:8001/health "HTTP/1.1 200 OK"
INFO:httpx:HTTP Request: POST http://localhost:8001/detect/batch "HTTP/1.1 500 Internal Server Error"
ERROR:ingest_api:L1 batch error at http://localhost:8001: Server error '500 Internal Server Error' for url 'http://localhost:8001/detect/batch'
For more information check: https://developer.mozilla.org/en-US/docs/Web/HTTP/Status/500
INFO:httpx:HTTP Request: POST http://localhost:8001/detect/batch "HTTP/1.1 500 Internal Server Error"
ERROR:ingest_api:L1 batch error at http://localhost:8001: Server error '500 Internal Server Error' for url 'http://localhost:8001/detect/batch'
For more information check: https://developer.mozilla.org/en-US/docs/Web/HTTP/Status/500
INFO:httpx:HTTP Request: POST http://localhost:8001/detect/batch "HTTP/1.1 500 Internal Server Error"
ERROR:ingest_api:L1 batch error at http://localhost:8001: Server error '500 Internal Server Error' for url 'http://localhost:8001/detect/batch'
For more information check: https://developer.mozilla.org/en-US/docs/Web/HTTP/Status/500
INFO:httpx:HTTP Request: POST http://localhost:8001/detect/batch "HTTP/1.1 500 Internal Server Error"
ERROR:ingest_api:L1 batch error at http://localhost:8001: Server error '500 Internal Server Error' for url 'http://localhost:8001/detect/batch'
For more information check: https://developer.mozilla.org/en-US/docs/Web/HTTP/Status/500
INFO:httpx:HTTP Request: POST http://localhost:8001/detect/batch "HTTP/1.1 500 Internal Server Error"
ERROR:ingest_api:L1 batch error at http://localhost:8001: Server error '500 Internal Server Error' for url 'http://localhost:8001/detect/batch'
For more information check: https://developer.mozilla.org/en-US/docs/Web/HTTP/Status/500
INFO:httpx:HTTP Request: POST http://localhost:8001/detect/batch "HTTP/1.1 500 Internal Server Error"
ERROR:ingest_api:L1 batch error at http://localhost:8001: Server error '500 Internal Server Error' for url 'http://localhost:8001/detect/batch'
For more information check: https://developer.mozilla.org/en-US/docs/Web/HTTP/Status/500
INFO:httpx:HTTP Request: POST http://localhost:8001/detect/batch "HTTP/1.1 500 Internal Server Error"
ERROR:ingest_api:L1 batch error at http://localhost:8001: Server error '500 Internal Server Error' for url 'http://localhost:8001/detect/batch'
For more information check: https://developer.mozilla.org/en-US/docs/Web/HTTP/Status/500
INFO:httpx:HTTP Request: POST http://localhost:8001/detect/batch "HTTP/1.1 500 Internal Server Error"
ERROR:ingest_api:L1 batch error at http://localhost:8001: Server error '500 Internal Server Error' for url 'http://localhost:8001/detect/batch'
For more information check: https://developer.mozilla.org/en-US/docs/Web/HTTP/Status/500
INFO:httpx:HTTP Request: POST http://localhost:8001/detect/batch "HTTP/1.1 500 Internal Server Error"
ERROR:ingest_api:L1 batch error at http://localhost:8001: Server error '500 Internal Server Error' for url 'http://localhost:8001/detect/batch'
For more information check: https://developer.mozilla.org/en-US/docs/Web/HTTP/Status/500
INFO:httpx:HTTP Request: POST http://localhost:8001/detect/batch "HTTP/1.1 500 Internal Server Error"
ERROR:ingest_api:L1 batch error at http://localhost:8001: Server error '500 Internal Server Error' for url 'http://localhost:8001/detect/batch'
For more information check: https://developer.mozilla.org/en-US/docs/Web/HTTP/Status/500
INFO:httpx:HTTP Request: POST http://localhost:8001/detect/batch "HTTP/1.1 500 Internal Server Error"
ERROR:ingest_api:L1 batch error at http://localhost:8001: Server error '500 Internal Server Error' for url 'http://localhost:8001/detect/batch'
For more information check: https://developer.mozilla.org/en-US/docs/Web/HTTP/Status/500
INFO:httpx:HTTP Request: POST http://localhost:8001/detect/batch "HTTP/1.1 500 Internal Server Error"
ERROR:ingest_api:L1 batch error at http://localhost:8001: Server error '500 Internal Server Error' for url 'http://localhost:8001/detect/batch'
For more information check: https://developer.mozilla.org/en-US/docs/Web/HTTP/Status/500
INFO:httpx:HTTP Request: POST http://localhost:8001/detect/batch "HTTP/1.1 500 Internal Server Error"
ERROR:ingest_api:L1 batch error at http://localhost:8001: Server error '500 Internal Server Error' for url 'http://localhost:8001/detect/batch'
For more information check: https://developer.mozilla.org/en-US/docs/Web/HTTP/Status/500
INFO:httpx:HTTP Request: POST http://localhost:8001/detect/batch "HTTP/1.1 500 Internal Server Error"
ERROR:ingest_api:L1 batch error at http://localhost:8001: Server error '500 Internal Server Error' for url 'http://localhost:8001/detect/batch'
For more information check: https://developer.mozilla.org/en-US/docs/Web/HTTP/Status/500
INFO:httpx:HTTP Request: POST http://localhost:8001/detect/batch "HTTP/1.1 500 Internal Server Error"
ERROR:ingest_api:L1 batch error at http://localhost:8001: Server error '500 Internal Server Error' for url 'http://localhost:8001/detect/batch'
For more information check: https://developer.mozilla.org/en-US/docs/Web/HTTP/Status/500
INFO:httpx:HTTP Request: POST http://localhost:8001/detect/batch "HTTP/1.1 500 Internal Server Error"
ERROR:ingest_api:L1 batch error at http://localhost:8001: Server error '500 Internal Server Error' for url 'http://localhost:8001/detect/batch'
For more information check: https://developer.mozilla.org/en-US/docs/Web/HTTP/Status/500
INFO:httpx:HTTP Request: POST http://localhost:8001/detect/batch "HTTP/1.1 500 Internal Server Error"
ERROR:ingest_api:L1 batch error at http://localhost:8001: Server error '500 Internal Server Error' for url 'http://localhost:8001/detect/batch'
For more information check: https://developer.mozilla.org/en-US/docs/Web/HTTP/Status/500
INFO:httpx:HTTP Request: POST http://localhost:8001/detect/batch "HTTP/1.1 500 Internal Server Error"
ERROR:ingest_api:L1 batch error at http://localhost:8001: Server error '500 Internal Server Error' for url 'http://localhost:8001/detect/batch'
For more information check: https://developer.mozilla.org/en-US/docs/Web/HTTP/Status/500
INFO:httpx:HTTP Request: POST http://localhost:8001/detect/batch "HTTP/1.1 500 Internal Server Error"
ERROR:ingest_api:L1 batch error at http://localhost:8001: Server error '500 Internal Server Error' for url 'http://localhost:8001/detect/batch'
For more information check: https://developer.mozilla.org/en-US/docs/Web/HTTP/Status/500
INFO:httpx:HTTP Request: POST http://localhost:8001/detect/batch "HTTP/1.1 500 Internal Server Error"
ERROR:ingest_api:L1 batch error at http://localhost:8001: Server error '500 Internal Server Error' for url 'http://localhost:8001/detect/batch'
For more information check: https://developer.mozilla.org/en-US/docs/Web/HTTP/Status/500
INFO:httpx:HTTP Request: POST http://localhost:8001/detect/batch "HTTP/1.1 500 Internal Server Error"
ERROR:ingest_api:L1 batch error at http://localhost:8001: Server error '500 Internal Server Error' for url 'http://localhost:8001/detect/batch'
For more information check: https://developer.mozilla.org/en-US/docs/Web/HTTP/Status/500
INFO:httpx:HTTP Request: POST http://localhost:8001/detect/batch "HTTP/1.1 500 Internal Server Error"
ERROR:ingest_api:L1 batch error at http://localhost:8001: Server error '500 Internal Server Error' for url 'http://localhost:8001/detect/batch'
For more information check: https://developer.mozilla.org/en-US/docs/Web/HTTP/Status/500
INFO:httpx:HTTP Request: POST http://localhost:8001/detect/batch "HTTP/1.1 500 Internal Server Error"
ERROR:ingest_api:L1 batch error at http://localhost:8001: Server error '500 Internal Server Error' for url 'http://localhost:8001/detect/batch'
For more information check: https://developer.mozilla.org/en-US/docs/Web/HTTP/Status/500
INFO:httpx:HTTP Request: POST http://localhost:8001/detect/batch "HTTP/1.1 500 Internal Server Error"
ERROR:ingest_api:L1 batch error at http://localhost:8001: Server error '500 Internal Server Error' for url 'http://localhost:8001/detect/batch'
For more information check: https://developer.mozilla.org/en-US/docs/Web/HTTP/Status/500
INFO:httpx:HTTP Request: POST http://localhost:8001/detect/batch "HTTP/1.1 500 Internal Server Error"
ERROR:ingest_api:L1 batch error at http://localhost:8001: Server error '500 Internal Server Error' for url 'http://localhost:8001/detect/batch'
For more information check: https://developer.mozilla.org/en-US/docs/Web/HTTP/Status/500
INFO:httpx:HTTP Request: POST http://localhost:8001/detect/batch "HTTP/1.1 500 Internal Server Error"
ERROR:ingest_api:L1 batch error at http://localhost:8001: Server error '500 Internal Server Error' for url 'http://localhost:8001/detect/batch'
For more information check: https://developer.mozilla.org/en-US/docs/Web/HTTP/Status/500
INFO:httpx:HTTP Request: POST http://localhost:8001/detect/batch "HTTP/1.1 500 Internal Server Error"
ERROR:ingest_api:L1 batch error at http://localhost:8001: Server error '500 Internal Server Error' for url 'http://localhost:8001/detect/batch'
For more information check: https://developer.mozilla.org/en-US/docs/Web/HTTP/Status/500
INFO:httpx:HTTP Request: POST http://localhost:8001/detect/batch "HTTP/1.1 500 Internal Server Error"
ERROR:ingest_api:L1 batch error at http://localhost:8001: Server error '500 Internal Server Error' for url 'http://localhost:8001/detect/batch'
For more information check: https://developer.mozilla.org/en-US/docs/Web/HTTP/Status/500
INFO:httpx:HTTP Request: POST http://localhost:8001/detect/batch "HTTP/1.1 500 Internal Server Error"
ERROR:ingest_api:L1 batch error at http://localhost:8001: Server error '500 Internal Server Error' for url 'http://localhost:8001/detect/batch'
For more information check: https://developer.mozilla.org/en-US/docs/Web/HTTP/Status/500
INFO:httpx:HTTP Request: POST http://localhost:8001/detect/batch "HTTP/1.1 500 Internal Server Error"
ERROR:ingest_api:L1 batch error at http://localhost:8001: Server error '500 Internal Server Error' for url 'http://localhost:8001/detect/batch'
For more information check: https://developer.mozilla.org/en-US/docs/Web/HTTP/Status/500
INFO:httpx:HTTP Request: POST http://localhost:8001/detect/batch "HTTP/1.1 500 Internal Server Error"
ERROR:ingest_api:L1 batch error at http://localhost:8001: Server error '500 Internal Server Error' for url 'http://localhost:8001/detect/batch'
For more information check: https://developer.mozilla.org/en-US/docs/Web/HTTP/Status/500
INFO:httpx:HTTP Request: POST http://localhost:8001/detect/batch "HTTP/1.1 500 Internal Server Error"
ERROR:ingest_api:L1 batch error at http://localhost:8001: Server error '500 Internal Server Error' for url 'http://localhost:8001/detect/batch'
For more information check: https://developer.mozilla.org/en-US/docs/Web/HTTP/Status/500
INFO:httpx:HTTP Request: POST http://localhost:8001/detect/batch "HTTP/1.1 500 Internal Server Error"
ERROR:ingest_api:L1 batch error at http://localhost:8001: Server error '500 Internal Server Error' for url 'http://localhost:8001/detect/batch'
For more information check: https://developer.mozilla.org/en-US/docs/Web/HTTP/Status/500
INFO:httpx:HTTP Request: POST http://localhost:8001/detect/batch "HTTP/1.1 500 Internal Server Error"
ERROR:ingest_api:L1 batch error at http://localhost:8001: Server error '500 Internal Server Error' for url 'http://localhost:8001/detect/batch'
For more information check: https://developer.mozilla.org/en-US/docs/Web/HTTP/Status/500
INFO:httpx:HTTP Request: POST http://localhost:8001/detect/batch "HTTP/1.1 500 Internal Server Error"
ERROR:ingest_api:L1 batch error at http://localhost:8001: Server error '500 Internal Server Error' for url 'http://localhost:8001/detect/batch'
For more information check: https://developer.mozilla.org/en-US/docs/Web/HTTP/Status/500
INFO:httpx:HTTP Request: POST http://localhost:8001/detect/batch "HTTP/1.1 500 Internal Server Error"
ERROR:ingest_api:L1 batch error at http://localhost:8001: Server error '500 Internal Server Error' for url 'http://localhost:8001/detect/batch'
For more information check: https://developer.mozilla.org/en-US/docs/Web/HTTP/Status/500
INFO:httpx:HTTP Request: POST http://localhost:8001/detect/batch "HTTP/1.1 500 Internal Server Error"
ERROR:ingest_api:L1 batch error at http://localhost:8001: Server error '500 Internal Server Error' for url 'http://localhost:8001/detect/batch'
For more information check: https://developer.mozilla.org/en-US/docs/Web/HTTP/Status/500
INFO:httpx:HTTP Request: POST http://localhost:8001/detect/batch "HTTP/1.1 500 Internal Server Error"
ERROR:ingest_api:L1 batch error at http://localhost:8001: Server error '500 Internal Server Error' for url 'http://localhost:8001/detect/batch'
For more information check: https://developer.mozilla.org/en-US/docs/Web/HTTP/Status/500
INFO:httpx:HTTP Request: POST http://localhost:8001/detect/batch "HTTP/1.1 500 Internal Server Error"
ERROR:ingest_api:L1 batch error at http://localhost:8001: Server error '500 Internal Server Error' for url 'http://localhost:8001/detect/batch'
For more information check: https://developer.mozilla.org/en-US/docs/Web/HTTP/Status/500
INFO:ingest_api:[096E4381] L1 detection: 0 results in 6233ms
INFO:ingest_api:[096E4381] Verdict: 0 anomalous, 0 benign
INFO:shared.kafka_client:Sent to immunex_raw_alerts partition 0 offset 37
INFO:ingest_api:[096E4381] Complete: 7568ms, 6607 logs/s
INFO:     127.0.0.1:52698 - "POST /ingest/batch HTTP/1.1" 200 OK
INFO:httpx:HTTP Request: GET http://localhost:8001/health "HTTP/1.1 200 OK"
INFO:httpx:HTTP Request: GET http://localhost:8001/health "HTTP/1.1 200 OK"
INFO:httpx:HTTP Request: GET http://localhost:8001/health "HTTP/1.1 200 OK"
INFO:httpx:HTTP Request: GET http://localhost:8001/health "HTTP/1.1 200 OK"
INFO:httpx:HTTP Request: GET http://localhost:8001/health "HTTP/1.1 200 OK"
INFO:httpx:HTTP Request: GET http://localhost:8001/health "HTTP/1.1 200 OK"
INFO:httpx:HTTP Request: GET http://localhost:8001/health "HTTP/1.1 200 OK"
INFO:httpx:HTTP Request: GET http://localhost:8001/health "HTTP/1.1 200 OK"
INFO:httpx:HTTP Request: GET http://localhost:8001/health "HTTP/1.1 200 OK"
INFO:httpx:HTTP Request: GET http://localhost:8001/health "HTTP/1.1 200 OK"
INFO:httpx:HTTP Request: GET http://localhost:8001/health "HTTP/1.1 200 OK"
INFO:httpx:HTTP Request: GET http://localhost:8001/health "HTTP/1.1 200 OK"
INFO:httpx:HTTP Request: GET http://localhost:8001/health "HTTP/1.1 200 OK"
INFO:httpx:HTTP Request: GET http://localhost:8001/health "HTTP/1.1 200 OK"
INFO:httpx:HTTP Request: GET http://localhost:8001/health "HTTP/1.1 200 OK"
INFO:httpx:HTTP Request: GET http://localhost:8001/health "HTTP/1.1 200 OK"
INFO:httpx:HTTP Request: GET http://localhost:8001/health "HTTP/1.1 200 OK"
INFO:httpx:HTTP Request: GET http://localhost:8001/health "HTTP/1.1 200 OK"
INFO:httpx:HTTP Request: GET http://localhost:8001/health "HTTP/1.1 200 OK"
INFO:httpx:HTTP Request: GET http://localhost:8001/health "HTTP/1.1 200 OK"
INFO:httpx:HTTP Request: GET http://localhost:8001/health "HTTP/1.1 200 OK"
INFO:httpx:HTTP Request: GET http://localhost:8001/health "HTTP/1.1 200 OK"
INFO:httpx:HTTP Request: GET http://localhost:8001/health "HTTP/1.1 200 OK"
INFO:httpx:HTTP Request: GET http://localhost:8001/health "HTTP/1.1 200 OK"
INFO:httpx:HTTP Request: GET http://localhost:8001/health "HTTP/1.1 200 OK"
INFO:httpx:HTTP Request: GET http://localhost:8001/health "HTTP/1.1 200 OK"
INFO:httpx:HTTP Request: GET http://localhost:8001/health "HTTP/1.1 200 OK"
INFO:httpx:HTTP Request: GET http://localhost:8001/health "HTTP/1.1 200 OK"
INFO:ingest_api:[F144DC24] Bulk ingest: 2000 logs
INFO:ingest_api:[F144DC24] Normalized 2000/2000 in 35ms (57116 logs/s)
INFO:ingest_api:[F144DC24] Dedup: removed 679, 1321 unique remaining
INFO:httpx:HTTP Request: POST http://localhost:8001/detect/batch "HTTP/1.1 200 OK"
INFO:httpx:HTTP Request: POST http://localhost:8001/detect/batch "HTTP/1.1 200 OK"
INFO:httpx:HTTP Request: POST http://localhost:8001/detect/batch "HTTP/1.1 200 OK"
INFO:httpx:HTTP Request: POST http://localhost:8001/detect/batch "HTTP/1.1 200 OK"
INFO:httpx:HTTP Request: POST http://localhost:8001/detect/batch "HTTP/1.1 200 OK"
INFO:httpx:HTTP Request: POST http://localhost:8001/detect/batch "HTTP/1.1 200 OK"
INFO:httpx:HTTP Request: POST http://localhost:8001/detect/batch "HTTP/1.1 200 OK"
INFO:httpx:HTTP Request: POST http://localhost:8001/detect/batch "HTTP/1.1 200 OK"
INFO:httpx:HTTP Request: POST http://localhost:8001/detect/batch "HTTP/1.1 200 OK"
INFO:httpx:HTTP Request: POST http://localhost:8001/detect/batch "HTTP/1.1 200 OK"
INFO:httpx:HTTP Request: POST http://localhost:8001/detect/batch "HTTP/1.1 200 OK"
INFO:httpx:HTTP Request: POST http://localhost:8001/detect/batch "HTTP/1.1 200 OK"
INFO:httpx:HTTP Request: POST http://localhost:8001/detect/batch "HTTP/1.1 200 OK"
INFO:httpx:HTTP Request: POST http://localhost:8001/detect/batch "HTTP/1.1 200 OK"
INFO:httpx:HTTP Request: POST http://localhost:8001/detect/batch "HTTP/1.1 200 OK"
INFO:httpx:HTTP Request: POST http://localhost:8001/detect/batch "HTTP/1.1 200 OK"
INFO:httpx:HTTP Request: POST http://localhost:8001/detect/batch "HTTP/1.1 200 OK"
INFO:httpx:HTTP Request: POST http://localhost:8001/detect/batch "HTTP/1.1 200 OK"
INFO:httpx:HTTP Request: POST http://localhost:8001/detect/batch "HTTP/1.1 200 OK"
INFO:httpx:HTTP Request: POST http://localhost:8001/detect/batch "HTTP/1.1 200 OK"
INFO:httpx:HTTP Request: POST http://localhost:8001/detect/batch "HTTP/1.1 200 OK"
INFO:httpx:HTTP Request: POST http://localhost:8001/detect/batch "HTTP/1.1 200 OK"
INFO:httpx:HTTP Request: POST http://localhost:8001/detect/batch "HTTP/1.1 200 OK"
INFO:httpx:HTTP Request: POST http://localhost:8001/detect/batch "HTTP/1.1 200 OK"
INFO:httpx:HTTP Request: POST http://localhost:8001/detect/batch "HTTP/1.1 200 OK"
INFO:httpx:HTTP Request: POST http://localhost:8001/detect/batch "HTTP/1.1 200 OK"
INFO:httpx:HTTP Request: POST http://localhost:8001/detect/batch "HTTP/1.1 200 OK"
INFO:httpx:HTTP Request: POST http://localhost:8001/detect/batch "HTTP/1.1 200 OK"
INFO:httpx:HTTP Request: POST http://localhost:8001/detect/batch "HTTP/1.1 200 OK"
INFO:httpx:HTTP Request: POST http://localhost:8001/detect/batch "HTTP/1.1 200 OK"
INFO:httpx:HTTP Request: POST http://localhost:8001/detect/batch "HTTP/1.1 200 OK"
INFO:httpx:HTTP Request: POST http://localhost:8001/detect/batch "HTTP/1.1 200 OK"
INFO:httpx:HTTP Request: POST http://localhost:8001/detect/batch "HTTP/1.1 200 OK"
INFO:httpx:HTTP Request: POST http://localhost:8001/detect/batch "HTTP/1.1 200 OK"
INFO:httpx:HTTP Request: POST http://localhost:8001/detect/batch "HTTP/1.1 200 OK"
INFO:httpx:HTTP Request: POST http://localhost:8001/detect/batch "HTTP/1.1 200 OK"
INFO:httpx:HTTP Request: POST http://localhost:8001/detect/batch "HTTP/1.1 200 OK"
INFO:httpx:HTTP Request: POST http://localhost:8001/detect/batch "HTTP/1.1 200 OK"
INFO:httpx:HTTP Request: POST http://localhost:8001/detect/batch "HTTP/1.1 200 OK"
INFO:httpx:HTTP Request: POST http://localhost:8001/detect/batch "HTTP/1.1 200 OK"
INFO:httpx:HTTP Request: POST http://localhost:8001/detect/batch "HTTP/1.1 200 OK"
INFO:httpx:HTTP Request: POST http://localhost:8001/detect/batch "HTTP/1.1 200 OK"
INFO:ingest_api:[F144DC24] L1 detection: 1321 results in 15918ms
INFO:ingest_api:[F144DC24] Verdict: 1321 anomalous, 0 benign
INFO:shared.kafka_client:Sent to immunex_raw_alerts partition 0 offset 38
INFO:ingest_api:[F144DC24] Complete: 15977ms, 125 logs/s
INFO:     127.0.0.1:57080 - "POST /ingest/batch HTTP/1.1" 200 OK
INFO:ingest_api:[779FD295] Bulk ingest: 1000 logs
INFO:ingest_api:[779FD295] Normalized 1000/1000 in 17ms (57875 logs/s)
INFO:ingest_api:[779FD295] Dedup: removed 642, 358 unique remaining
INFO:httpx:HTTP Request: POST http://localhost:8001/detect/batch "HTTP/1.1 200 OK"
INFO:httpx:HTTP Request: POST http://localhost:8001/detect/batch "HTTP/1.1 200 OK"
INFO:httpx:HTTP Request: POST http://localhost:8001/detect/batch "HTTP/1.1 200 OK"
INFO:httpx:HTTP Request: POST http://localhost:8001/detect/batch "HTTP/1.1 200 OK"
INFO:httpx:HTTP Request: POST http://localhost:8001/detect/batch "HTTP/1.1 200 OK"
INFO:httpx:HTTP Request: POST http://localhost:8001/detect/batch "HTTP/1.1 200 OK"
INFO:httpx:HTTP Request: POST http://localhost:8001/detect/batch "HTTP/1.1 200 OK"
INFO:httpx:HTTP Request: POST http://localhost:8001/detect/batch "HTTP/1.1 200 OK"
INFO:httpx:HTTP Request: GET http://localhost:8001/health "HTTP/1.1 200 OK"
INFO:httpx:HTTP Request: POST http://localhost:8001/detect/batch "HTTP/1.1 200 OK"
INFO:httpx:HTTP Request: POST http://localhost:8001/detect/batch "HTTP/1.1 200 OK"
INFO:httpx:HTTP Request: POST http://localhost:8001/detect/batch "HTTP/1.1 200 OK"
INFO:httpx:HTTP Request: POST http://localhost:8001/detect/batch "HTTP/1.1 200 OK"
INFO:ingest_api:[779FD295] L1 detection: 358 results in 4280ms
INFO:ingest_api:[779FD295] Verdict: 358 anomalous, 0 benign
INFO:shared.kafka_client:Sent to immunex_raw_alerts partition 0 offset 39
INFO:ingest_api:[779FD295] Complete: 4307ms, 232 logs/s
INFO:     127.0.0.1:33360 - "POST /ingest/batch HTTP/1.1" 200 OK
INFO:ingest_api:[1BE9E358] Bulk ingest: 5000 logs
INFO:ingest_api:[1BE9E358] Normalized 5000/5000 in 84ms (59488 logs/s)
INFO:ingest_api:[1BE9E358] Dedup: removed 4117, 883 unique remaining
INFO:httpx:HTTP Request: POST http://localhost:8001/detect/batch "HTTP/1.1 200 OK"
INFO:httpx:HTTP Request: POST http://localhost:8001/detect/batch "HTTP/1.1 200 OK"
INFO:httpx:HTTP Request: POST http://localhost:8001/detect/batch "HTTP/1.1 200 OK"
INFO:httpx:HTTP Request: POST http://localhost:8001/detect/batch "HTTP/1.1 200 OK"
INFO:httpx:HTTP Request: POST http://localhost:8001/detect/batch "HTTP/1.1 200 OK"
INFO:httpx:HTTP Request: POST http://localhost:8001/detect/batch "HTTP/1.1 200 OK"
INFO:httpx:HTTP Request: POST http://localhost:8001/detect/batch "HTTP/1.1 200 OK"
INFO:httpx:HTTP Request: POST http://localhost:8001/detect/batch "HTTP/1.1 200 OK"
INFO:httpx:HTTP Request: POST http://localhost:8001/detect/batch "HTTP/1.1 200 OK"
INFO:httpx:HTTP Request: POST http://localhost:8001/detect/batch "HTTP/1.1 200 OK"
INFO:httpx:HTTP Request: POST http://localhost:8001/detect/batch "HTTP/1.1 200 OK"
INFO:httpx:HTTP Request: POST http://localhost:8001/detect/batch "HTTP/1.1 200 OK"
INFO:httpx:HTTP Request: POST http://localhost:8001/detect/batch "HTTP/1.1 200 OK"
INFO:httpx:HTTP Request: POST http://localhost:8001/detect/batch "HTTP/1.1 200 OK"
INFO:httpx:HTTP Request: POST http://localhost:8001/detect/batch "HTTP/1.1 200 OK"
INFO:httpx:HTTP Request: POST http://localhost:8001/detect/batch "HTTP/1.1 200 OK"
INFO:httpx:HTTP Request: POST http://localhost:8001/detect/batch "HTTP/1.1 200 OK"
INFO:httpx:HTTP Request: POST http://localhost:8001/detect/batch "HTTP/1.1 200 OK"
INFO:httpx:HTTP Request: POST http://localhost:8001/detect/batch "HTTP/1.1 200 OK"
INFO:httpx:HTTP Request: POST http://localhost:8001/detect/batch "HTTP/1.1 200 OK"
INFO:httpx:HTTP Request: POST http://localhost:8001/detect/batch "HTTP/1.1 200 OK"
INFO:httpx:HTTP Request: POST http://localhost:8001/detect/batch "HTTP/1.1 200 OK"
INFO:httpx:HTTP Request: POST http://localhost:8001/detect/batch "HTTP/1.1 200 OK"
INFO:httpx:HTTP Request: POST http://localhost:8001/detect/batch "HTTP/1.1 200 OK"
INFO:httpx:HTTP Request: POST http://localhost:8001/detect/batch "HTTP/1.1 200 OK"
INFO:httpx:HTTP Request: POST http://localhost:8001/detect/batch "HTTP/1.1 200 OK"
INFO:httpx:HTTP Request: POST http://localhost:8001/detect/batch "HTTP/1.1 200 OK"
INFO:httpx:HTTP Request: POST http://localhost:8001/detect/batch "HTTP/1.1 200 OK"
INFO:ingest_api:[1BE9E358] L1 detection: 883 results in 10534ms
INFO:ingest_api:[1BE9E358] Verdict: 883 anomalous, 0 benign
INFO:shared.kafka_client:Sent to immunex_raw_alerts partition 0 offset 40
INFO:ingest_api:[1BE9E358] Complete: 10659ms, 469 logs/s
INFO:     127.0.0.1:60800 - "POST /ingest/batch HTTP/1.1" 200 OK
INFO:ingest_api:[4B0B7E9B] Bulk ingest: 10000 logs
INFO:ingest_api:[4B0B7E9B] Normalized 10000/10000 in 216ms (46274 logs/s)
INFO:ingest_api:[4B0B7E9B] Dedup: removed 9150, 850 unique remaining
INFO:httpx:HTTP Request: POST http://localhost:8001/detect/batch "HTTP/1.1 200 OK"
INFO:httpx:HTTP Request: POST http://localhost:8001/detect/batch "HTTP/1.1 200 OK"
INFO:httpx:HTTP Request: POST http://localhost:8001/detect/batch "HTTP/1.1 200 OK"
INFO:httpx:HTTP Request: POST http://localhost:8001/detect/batch "HTTP/1.1 200 OK"
INFO:httpx:HTTP Request: POST http://localhost:8001/detect/batch "HTTP/1.1 200 OK"
INFO:httpx:HTTP Request: POST http://localhost:8001/detect/batch "HTTP/1.1 200 OK"
INFO:httpx:HTTP Request: POST http://localhost:8001/detect/batch "HTTP/1.1 200 OK"
INFO:httpx:HTTP Request: POST http://localhost:8001/detect/batch "HTTP/1.1 200 OK"
INFO:httpx:HTTP Request: POST http://localhost:8001/detect/batch "HTTP/1.1 200 OK"
INFO:httpx:HTTP Request: POST http://localhost:8001/detect/batch "HTTP/1.1 200 OK"
INFO:httpx:HTTP Request: POST http://localhost:8001/detect/batch "HTTP/1.1 200 OK"
INFO:httpx:HTTP Request: POST http://localhost:8001/detect/batch "HTTP/1.1 200 OK"
INFO:httpx:HTTP Request: POST http://localhost:8001/detect/batch "HTTP/1.1 200 OK"
INFO:httpx:HTTP Request: POST http://localhost:8001/detect/batch "HTTP/1.1 200 OK"
INFO:httpx:HTTP Request: POST http://localhost:8001/detect/batch "HTTP/1.1 200 OK"
INFO:httpx:HTTP Request: POST http://localhost:8001/detect/batch "HTTP/1.1 200 OK"
INFO:httpx:HTTP Request: POST http://localhost:8001/detect/batch "HTTP/1.1 200 OK"
INFO:httpx:HTTP Request: POST http://localhost:8001/detect/batch "HTTP/1.1 200 OK"
INFO:httpx:HTTP Request: POST http://localhost:8001/detect/batch "HTTP/1.1 200 OK"
INFO:httpx:HTTP Request: POST http://localhost:8001/detect/batch "HTTP/1.1 200 OK"
INFO:httpx:HTTP Request: POST http://localhost:8001/detect/batch "HTTP/1.1 200 OK"
INFO:httpx:HTTP Request: POST http://localhost:8001/detect/batch "HTTP/1.1 200 OK"
INFO:httpx:HTTP Request: POST http://localhost:8001/detect/batch "HTTP/1.1 200 OK"
INFO:httpx:HTTP Request: POST http://localhost:8001/detect/batch "HTTP/1.1 200 OK"
INFO:httpx:HTTP Request: POST http://localhost:8001/detect/batch "HTTP/1.1 200 OK"
INFO:httpx:HTTP Request: POST http://localhost:8001/detect/batch "HTTP/1.1 200 OK"
INFO:httpx:HTTP Request: POST http://localhost:8001/detect/batch "HTTP/1.1 200 OK"
INFO:ingest_api:[4B0B7E9B] L1 detection: 850 results in 10164ms
INFO:ingest_api:[4B0B7E9B] Verdict: 850 anomalous, 0 benign
INFO:shared.kafka_client:Sent to immunex_raw_alerts partition 0 offset 41
INFO:ingest_api:[4B0B7E9B] Complete: 10460ms, 956 logs/s
INFO:     127.0.0.1:43140 - "POST /ingest/batch HTTP/1.1" 200 OK
INFO:ingest_api:[053AA01B] Bulk ingest: 50000 logs
INFO:ingest_api:[053AA01B] Normalized 50000/50000 in 891ms (56129 logs/s)
INFO:ingest_api:[053AA01B] Dedup: removed 47394, 2606 unique remaining
INFO:httpx:HTTP Request: GET http://localhost:8001/health "HTTP/1.1 200 OK"
INFO:httpx:HTTP Request: POST http://localhost:8001/detect/batch "HTTP/1.1 200 OK"
INFO:httpx:HTTP Request: POST http://localhost:8001/detect/batch "HTTP/1.1 200 OK"
INFO:httpx:HTTP Request: POST http://localhost:8001/detect/batch "HTTP/1.1 200 OK"
INFO:httpx:HTTP Request: GET http://localhost:8001/health "HTTP/1.1 200 OK"
INFO:httpx:HTTP Request: POST http://localhost:8001/detect/batch "HTTP/1.1 200 OK"
INFO:httpx:HTTP Request: POST http://localhost:8001/detect/batch "HTTP/1.1 200 OK"
INFO:httpx:HTTP Request: POST http://localhost:8001/detect/batch "HTTP/1.1 200 OK"
INFO:httpx:HTTP Request: POST http://localhost:8001/detect/batch "HTTP/1.1 200 OK"
INFO:httpx:HTTP Request: POST http://localhost:8001/detect/batch "HTTP/1.1 200 OK"
INFO:httpx:HTTP Request: POST http://localhost:8001/detect/batch "HTTP/1.1 200 OK"
INFO:httpx:HTTP Request: POST http://localhost:8001/detect/batch "HTTP/1.1 200 OK"
INFO:httpx:HTTP Request: POST http://localhost:8001/detect/batch "HTTP/1.1 200 OK"
INFO:httpx:HTTP Request: POST http://localhost:8001/detect/batch "HTTP/1.1 200 OK"
INFO:httpx:HTTP Request: POST http://localhost:8001/detect/batch "HTTP/1.1 200 OK"
INFO:httpx:HTTP Request: POST http://localhost:8001/detect/batch "HTTP/1.1 200 OK"
INFO:httpx:HTTP Request: POST http://localhost:8001/detect/batch "HTTP/1.1 200 OK"
INFO:httpx:HTTP Request: POST http://localhost:8001/detect/batch "HTTP/1.1 200 OK"
INFO:httpx:HTTP Request: POST http://localhost:8001/detect/batch "HTTP/1.1 200 OK"
INFO:httpx:HTTP Request: POST http://localhost:8001/detect/batch "HTTP/1.1 200 OK"
INFO:httpx:HTTP Request: POST http://localhost:8001/detect/batch "HTTP/1.1 200 OK"
INFO:httpx:HTTP Request: POST http://localhost:8001/detect/batch "HTTP/1.1 200 OK"
INFO:httpx:HTTP Request: POST http://localhost:8001/detect/batch "HTTP/1.1 200 OK"
INFO:httpx:HTTP Request: POST http://localhost:8001/detect/batch "HTTP/1.1 200 OK"
INFO:httpx:HTTP Request: POST http://localhost:8001/detect/batch "HTTP/1.1 200 OK"
INFO:httpx:HTTP Request: POST http://localhost:8001/detect/batch "HTTP/1.1 200 OK"
INFO:httpx:HTTP Request: POST http://localhost:8001/detect/batch "HTTP/1.1 200 OK"
INFO:httpx:HTTP Request: POST http://localhost:8001/detect/batch "HTTP/1.1 200 OK"
INFO:httpx:HTTP Request: POST http://localhost:8001/detect/batch "HTTP/1.1 200 OK"
INFO:httpx:HTTP Request: POST http://localhost:8001/detect/batch "HTTP/1.1 200 OK"
INFO:httpx:HTTP Request: POST http://localhost:8001/detect/batch "HTTP/1.1 200 OK"
INFO:httpx:HTTP Request: POST http://localhost:8001/detect/batch "HTTP/1.1 200 OK"
INFO:httpx:HTTP Request: POST http://localhost:8001/detect/batch "HTTP/1.1 200 OK"
INFO:httpx:HTTP Request: POST http://localhost:8001/detect/batch "HTTP/1.1 200 OK"
INFO:httpx:HTTP Request: POST http://localhost:8001/detect/batch "HTTP/1.1 200 OK"
INFO:httpx:HTTP Request: POST http://localhost:8001/detect/batch "HTTP/1.1 200 OK"
INFO:httpx:HTTP Request: POST http://localhost:8001/detect/batch "HTTP/1.1 200 OK"
INFO:httpx:HTTP Request: POST http://localhost:8001/detect/batch "HTTP/1.1 200 OK"
INFO:httpx:HTTP Request: POST http://localhost:8001/detect/batch "HTTP/1.1 200 OK"
INFO:httpx:HTTP Request: POST http://localhost:8001/detect/batch "HTTP/1.1 200 OK"
INFO:httpx:HTTP Request: POST http://localhost:8001/detect/batch "HTTP/1.1 200 OK"
INFO:httpx:HTTP Request: POST http://localhost:8001/detect/batch "HTTP/1.1 200 OK"
INFO:httpx:HTTP Request: POST http://localhost:8001/detect/batch "HTTP/1.1 200 OK"
INFO:httpx:HTTP Request: POST http://localhost:8001/detect/batch "HTTP/1.1 200 OK"
INFO:httpx:HTTP Request: POST http://localhost:8001/detect/batch "HTTP/1.1 200 OK"
INFO:httpx:HTTP Request: POST http://localhost:8001/detect/batch "HTTP/1.1 200 OK"
INFO:httpx:HTTP Request: POST http://localhost:8001/detect/batch "HTTP/1.1 200 OK"
INFO:httpx:HTTP Request: POST http://localhost:8001/detect/batch "HTTP/1.1 200 OK"
INFO:httpx:HTTP Request: POST http://localhost:8001/detect/batch "HTTP/1.1 200 OK"
INFO:httpx:HTTP Request: POST http://localhost:8001/detect/batch "HTTP/1.1 200 OK"
INFO:httpx:HTTP Request: POST http://localhost:8001/detect/batch "HTTP/1.1 200 OK"
INFO:httpx:HTTP Request: POST http://localhost:8001/detect/batch "HTTP/1.1 200 OK"
INFO:httpx:HTTP Request: POST http://localhost:8001/detect/batch "HTTP/1.1 200 OK"
INFO:httpx:HTTP Request: POST http://localhost:8001/detect/batch "HTTP/1.1 200 OK"
INFO:httpx:HTTP Request: POST http://localhost:8001/detect/batch "HTTP/1.1 200 OK"
INFO:httpx:HTTP Request: POST http://localhost:8001/detect/batch "HTTP/1.1 200 OK"
INFO:httpx:HTTP Request: POST http://localhost:8001/detect/batch "HTTP/1.1 200 OK"
INFO:httpx:HTTP Request: POST http://localhost:8001/detect/batch "HTTP/1.1 200 OK"
INFO:httpx:HTTP Request: POST http://localhost:8001/detect/batch "HTTP/1.1 200 OK"
INFO:httpx:HTTP Request: POST http://localhost:8001/detect/batch "HTTP/1.1 200 OK"
INFO:httpx:HTTP Request: POST http://localhost:8001/detect/batch "HTTP/1.1 200 OK"
INFO:httpx:HTTP Request: POST http://localhost:8001/detect/batch "HTTP/1.1 200 OK"
INFO:httpx:HTTP Request: POST http://localhost:8001/detect/batch "HTTP/1.1 200 OK"
INFO:httpx:HTTP Request: POST http://localhost:8001/detect/batch "HTTP/1.1 200 OK"
INFO:httpx:HTTP Request: POST http://localhost:8001/detect/batch "HTTP/1.1 200 OK"
INFO:httpx:HTTP Request: POST http://localhost:8001/detect/batch "HTTP/1.1 200 OK"
INFO:httpx:HTTP Request: POST http://localhost:8001/detect/batch "HTTP/1.1 200 OK"
INFO:httpx:HTTP Request: POST http://localhost:8001/detect/batch "HTTP/1.1 200 OK"
INFO:httpx:HTTP Request: POST http://localhost:8001/detect/batch "HTTP/1.1 200 OK"
INFO:httpx:HTTP Request: POST http://localhost:8001/detect/batch "HTTP/1.1 200 OK"
INFO:httpx:HTTP Request: POST http://localhost:8001/detect/batch "HTTP/1.1 200 OK"
INFO:httpx:HTTP Request: POST http://localhost:8001/detect/batch "HTTP/1.1 200 OK"
INFO:httpx:HTTP Request: POST http://localhost:8001/detect/batch "HTTP/1.1 200 OK"
INFO:httpx:HTTP Request: POST http://localhost:8001/detect/batch "HTTP/1.1 200 OK"
INFO:httpx:HTTP Request: POST http://localhost:8001/detect/batch "HTTP/1.1 200 OK"
INFO:httpx:HTTP Request: POST http://localhost:8001/detect/batch "HTTP/1.1 200 OK"
INFO:httpx:HTTP Request: POST http://localhost:8001/detect/batch "HTTP/1.1 200 OK"
INFO:httpx:HTTP Request: POST http://localhost:8001/detect/batch "HTTP/1.1 200 OK"
INFO:httpx:HTTP Request: POST http://localhost:8001/detect/batch "HTTP/1.1 200 OK"
INFO:httpx:HTTP Request: POST http://localhost:8001/detect/batch "HTTP/1.1 200 OK"
INFO:httpx:HTTP Request: POST http://localhost:8001/detect/batch "HTTP/1.1 200 OK"
INFO:httpx:HTTP Request: POST http://localhost:8001/detect/batch "HTTP/1.1 200 OK"
INFO:httpx:HTTP Request: POST http://localhost:8001/detect/batch "HTTP/1.1 200 OK"
INFO:httpx:HTTP Request: POST http://localhost:8001/detect/batch "HTTP/1.1 200 OK"
INFO:ingest_api:[053AA01B] L1 detection: 2606 results in 32787ms
INFO:ingest_api:[053AA01B] Verdict: 2606 anomalous, 0 benign
INFO:shared.kafka_client:Sent to immunex_raw_alerts partition 0 offset 42
INFO:ingest_api:[053AA01B] Complete: 34108ms, 1466 logs/s
INFO:     127.0.0.1:35192 - "POST /ingest/batch HTTP/1.1" 200 OK
INFO:ingest_api:[A3F27DCD] Bulk ingest: 100000 logs
INFO:ingest_api:[A3F27DCD] Normalized 100000/100000 in 1774ms (56379 logs/s)
INFO:ingest_api:[A3F27DCD] Dedup: removed 93481, 6519 unique remaining
INFO:httpx:HTTP Request: POST http://localhost:8001/detect/batch "HTTP/1.1 200 OK"
INFO:httpx:HTTP Request: POST http://localhost:8001/detect/batch "HTTP/1.1 200 OK"
INFO:httpx:HTTP Request: POST http://localhost:8001/detect/batch "HTTP/1.1 200 OK"
INFO:httpx:HTTP Request: POST http://localhost:8001/detect/batch "HTTP/1.1 200 OK"
ERROR:ingest_api:L1 node http://localhost:8001 failed: 
ERROR:ingest_api:L1 node http://localhost:8001 failed: 
ERROR:ingest_api:L1 node http://localhost:8001 failed: 
ERROR:ingest_api:L1 node http://localhost:8001 failed: 
ERROR:ingest_api:L1 node http://localhost:8001 failed: 
ERROR:ingest_api:L1 node http://localhost:8001 failed: 
ERROR:ingest_api:L1 node http://localhost:8001 failed: 
ERROR:ingest_api:L1 node http://localhost:8001 failed: 
ERROR:ingest_api:L1 node http://localhost:8001 failed: 
ERROR:ingest_api:L1 node http://localhost:8001 failed: 
ERROR:ingest_api:L1 node http://localhost:8001 failed: 
ERROR:ingest_api:L1 node http://localhost:8001 failed: 
ERROR:ingest_api:L1 node http://localhost:8001 failed: 
ERROR:ingest_api:L1 node http://localhost:8001 failed: 
ERROR:ingest_api:L1 node http://localhost:8001 failed: 
ERROR:ingest_api:L1 node http://localhost:8001 failed: 
ERROR:ingest_api:L1 node http://localhost:8001 failed: 
ERROR:ingest_api:L1 node http://localhost:8001 failed: 
ERROR:ingest_api:L1 node http://localhost:8001 failed: 
ERROR:ingest_api:L1 node http://localhost:8001 failed: 
ERROR:ingest_api:L1 node http://localhost:8001 failed: 
ERROR:ingest_api:L1 node http://localhost:8001 failed: 
ERROR:ingest_api:L1 node http://localhost:8001 failed: 
ERROR:ingest_api:L1 node http://localhost:8001 failed: 
ERROR:ingest_api:L1 node http://localhost:8001 failed: 
ERROR:ingest_api:L1 node http://localhost:8001 failed: 
ERROR:ingest_api:L1 node http://localhost:8001 failed: 
ERROR:ingest_api:L1 node http://localhost:8001 failed: 
ERROR:ingest_api:L1 node http://localhost:8001 failed: 
ERROR:ingest_api:L1 node http://localhost:8001 failed: 
ERROR:ingest_api:L1 node http://localhost:8001 failed: 
ERROR:ingest_api:L1 node http://localhost:8001 failed: 
ERROR:ingest_api:L1 node http://localhost:8001 failed: 
ERROR:ingest_api:L1 node http://localhost:8001 failed: 
ERROR:ingest_api:L1 node http://localhost:8001 failed: 
ERROR:ingest_api:L1 node http://localhost:8001 failed: 
ERROR:ingest_api:L1 node http://localhost:8001 failed: 
ERROR:ingest_api:L1 node http://localhost:8001 failed: 
ERROR:ingest_api:L1 node http://localhost:8001 failed: 
ERROR:ingest_api:L1 node http://localhost:8001 failed: 
ERROR:ingest_api:L1 node http://localhost:8001 failed: 
ERROR:ingest_api:L1 node http://localhost:8001 failed: 
ERROR:ingest_api:L1 node http://localhost:8001 failed: 
ERROR:ingest_api:L1 node http://localhost:8001 failed: 
ERROR:ingest_api:L1 node http://localhost:8001 failed: 
ERROR:ingest_api:L1 node http://localhost:8001 failed: 
ERROR:ingest_api:L1 node http://localhost:8001 failed: 
ERROR:ingest_api:L1 node http://localhost:8001 failed: 
ERROR:ingest_api:L1 node http://localhost:8001 failed: 
ERROR:ingest_api:L1 node http://localhost:8001 failed: 
ERROR:ingest_api:L1 node http://localhost:8001 failed: 
ERROR:ingest_api:L1 node http://localhost:8001 failed: 
ERROR:ingest_api:L1 node http://localhost:8001 failed: 
ERROR:ingest_api:L1 node http://localhost:8001 failed: 
ERROR:ingest_api:L1 node http://localhost:8001 failed: 
ERROR:ingest_api:L1 node http://localhost:8001 failed: 
ERROR:ingest_api:L1 node http://localhost:8001 failed: 
ERROR:ingest_api:L1 node http://localhost:8001 failed: 
ERROR:ingest_api:L1 node http://localhost:8001 failed: 
ERROR:ingest_api:L1 node http://localhost:8001 failed: 
ERROR:ingest_api:L1 node http://localhost:8001 failed: 
ERROR:ingest_api:L1 node http://localhost:8001 failed: 
ERROR:ingest_api:L1 node http://localhost:8001 failed: 
ERROR:ingest_api:L1 node http://localhost:8001 failed: 
ERROR:ingest_api:L1 node http://localhost:8001 failed: 
ERROR:ingest_api:L1 node http://localhost:8001 failed: 
ERROR:ingest_api:L1 node http://localhost:8001 failed: 
ERROR:ingest_api:L1 node http://localhost:8001 failed: 
ERROR:ingest_api:L1 node http://localhost:8001 failed: 
ERROR:ingest_api:L1 node http://localhost:8001 failed: 
ERROR:ingest_api:L1 node http://localhost:8001 failed: 
ERROR:ingest_api:L1 node http://localhost:8001 failed: 
ERROR:ingest_api:L1 node http://localhost:8001 failed: 
ERROR:ingest_api:L1 node http://localhost:8001 failed: 
ERROR:ingest_api:L1 node http://localhost:8001 failed: 
ERROR:ingest_api:L1 node http://localhost:8001 failed: 
ERROR:ingest_api:L1 node http://localhost:8001 failed: 
ERROR:ingest_api:L1 node http://localhost:8001 failed: 
ERROR:ingest_api:L1 node http://localhost:8001 failed: 
ERROR:ingest_api:L1 node http://localhost:8001 failed: 
ERROR:ingest_api:L1 node http://localhost:8001 failed: 
ERROR:ingest_api:L1 node http://localhost:8001 failed: 
ERROR:ingest_api:L1 node http://localhost:8001 failed: 
ERROR:ingest_api:L1 node http://localhost:8001 failed: 
ERROR:ingest_api:L1 node http://localhost:8001 failed: 
ERROR:ingest_api:L1 node http://localhost:8001 failed: 
ERROR:ingest_api:L1 node http://localhost:8001 failed: 
ERROR:ingest_api:L1 node http://localhost:8001 failed: 
ERROR:ingest_api:L1 node http://localhost:8001 failed: 
ERROR:ingest_api:L1 node http://localhost:8001 failed: 
ERROR:ingest_api:L1 node http://localhost:8001 failed: 
ERROR:ingest_api:L1 node http://localhost:8001 failed: 
ERROR:ingest_api:L1 node http://localhost:8001 failed: 
ERROR:ingest_api:L1 node http://localhost:8001 failed: 
ERROR:ingest_api:L1 node http://localhost:8001 failed: 
ERROR:ingest_api:L1 node http://localhost:8001 failed: 
ERROR:ingest_api:L1 node http://localhost:8001 failed: 
ERROR:ingest_api:L1 node http://localhost:8001 failed: 
ERROR:ingest_api:L1 node http://localhost:8001 failed: 
ERROR:ingest_api:L1 node http://localhost:8001 failed: 
ERROR:ingest_api:L1 node http://localhost:8001 failed: 
ERROR:ingest_api:L1 node http://localhost:8001 failed: 
ERROR:ingest_api:L1 node http://localhost:8001 failed: 
ERROR:ingest_api:L1 node http://localhost:8001 failed: 
ERROR:ingest_api:L1 node http://localhost:8001 failed: 
ERROR:ingest_api:L1 node http://localhost:8001 failed: 
ERROR:ingest_api:L1 node http://localhost:8001 failed: 
ERROR:ingest_api:L1 node http://localhost:8001 failed: 
ERROR:ingest_api:L1 node http://localhost:8001 failed: 
ERROR:ingest_api:L1 node http://localhost:8001 failed: 
ERROR:ingest_api:L1 node http://localhost:8001 failed: 
ERROR:ingest_api:L1 node http://localhost:8001 failed: 
ERROR:ingest_api:L1 node http://localhost:8001 failed: 
ERROR:ingest_api:L1 node http://localhost:8001 failed: 
ERROR:ingest_api:L1 node http://localhost:8001 failed: 
ERROR:ingest_api:L1 node http://localhost:8001 failed: 
ERROR:ingest_api:L1 node http://localhost:8001 failed: 
ERROR:ingest_api:L1 node http://localhost:8001 failed: 
ERROR:ingest_api:L1 node http://localhost:8001 failed: 
ERROR:ingest_api:L1 node http://localhost:8001 failed: 
ERROR:ingest_api:L1 node http://localhost:8001 failed: 
ERROR:ingest_api:L1 node http://localhost:8001 failed: 
ERROR:ingest_api:L1 node http://localhost:8001 failed: 
ERROR:ingest_api:L1 node http://localhost:8001 failed: 
ERROR:ingest_api:L1 node http://localhost:8001 failed: 
ERROR:ingest_api:L1 node http://localhost:8001 failed: 
ERROR:ingest_api:L1 node http://localhost:8001 failed: 
ERROR:ingest_api:L1 node http://localhost:8001 failed: 
ERROR:ingest_api:L1 node http://localhost:8001 failed: 
ERROR:ingest_api:L1 node http://localhost:8001 failed: 
ERROR:ingest_api:L1 node http://localhost:8001 failed: 
ERROR:ingest_api:L1 node http://localhost:8001 failed: 
ERROR:ingest_api:L1 node http://localhost:8001 failed: 
ERROR:ingest_api:L1 node http://localhost:8001 failed: 
ERROR:ingest_api:L1 node http://localhost:8001 failed: 
ERROR:ingest_api:L1 node http://localhost:8001 failed: 
ERROR:ingest_api:L1 node http://localhost:8001 failed: 
ERROR:ingest_api:L1 node http://localhost:8001 failed: 
ERROR:ingest_api:L1 node http://localhost:8001 failed: 
ERROR:ingest_api:L1 node http://localhost:8001 failed: 
ERROR:ingest_api:L1 node http://localhost:8001 failed: 
ERROR:ingest_api:L1 node http://localhost:8001 failed: 
ERROR:ingest_api:L1 node http://localhost:8001 failed: 
ERROR:ingest_api:L1 node http://localhost:8001 failed: 
ERROR:ingest_api:L1 node http://localhost:8001 failed: 
ERROR:ingest_api:L1 node http://localhost:8001 failed: 
ERROR:ingest_api:L1 node http://localhost:8001 failed: 
ERROR:ingest_api:L1 node http://localhost:8001 failed: 
ERROR:ingest_api:L1 node http://localhost:8001 failed: 
ERROR:ingest_api:L1 node http://localhost:8001 failed: 
ERROR:ingest_api:L1 node http://localhost:8001 failed: 
ERROR:ingest_api:L1 node http://localhost:8001 failed: 
ERROR:ingest_api:L1 node http://localhost:8001 failed: 
ERROR:ingest_api:L1 node http://localhost:8001 failed: 
ERROR:ingest_api:L1 node http://localhost:8001 failed: 
ERROR:ingest_api:L1 node http://localhost:8001 failed: 
ERROR:ingest_api:L1 node http://localhost:8001 failed: 
ERROR:ingest_api:L1 node http://localhost:8001 failed: 
ERROR:ingest_api:L1 node http://localhost:8001 failed: 
ERROR:ingest_api:L1 node http://localhost:8001 failed: 
ERROR:ingest_api:L1 node http://localhost:8001 failed: 
ERROR:ingest_api:L1 node http://localhost:8001 failed: 
ERROR:ingest_api:L1 node http://localhost:8001 failed: 
ERROR:ingest_api:L1 node http://localhost:8001 failed: 
ERROR:ingest_api:L1 node http://localhost:8001 failed: 
ERROR:ingest_api:L1 node http://localhost:8001 failed: 
ERROR:ingest_api:L1 node http://localhost:8001 failed: 
ERROR:ingest_api:L1 node http://localhost:8001 failed: 
ERROR:ingest_api:L1 node http://localhost:8001 failed: 
ERROR:ingest_api:L1 node http://localhost:8001 failed: 
ERROR:ingest_api:L1 node http://localhost:8001 failed: 
ERROR:ingest_api:L1 node http://localhost:8001 failed: 
ERROR:ingest_api:L1 node http://localhost:8001 failed: 
ERROR:ingest_api:L1 node http://localhost:8001 failed: 
ERROR:ingest_api:L1 node http://localhost:8001 failed: 
ERROR:ingest_api:L1 node http://localhost:8001 failed: 
ERROR:ingest_api:L1 node http://localhost:8001 failed: 
ERROR:ingest_api:L1 node http://localhost:8001 failed: 
ERROR:ingest_api:L1 node http://localhost:8001 failed: 
ERROR:ingest_api:L1 node http://localhost:8001 failed: 
ERROR:ingest_api:L1 node http://localhost:8001 failed: 
ERROR:ingest_api:L1 node http://localhost:8001 failed: 
ERROR:ingest_api:L1 node http://localhost:8001 failed: 
ERROR:ingest_api:L1 node http://localhost:8001 failed: 
ERROR:ingest_api:L1 node http://localhost:8001 failed: 
ERROR:ingest_api:L1 node http://localhost:8001 failed: 
ERROR:ingest_api:L1 node http://localhost:8001 failed: 
ERROR:ingest_api:L1 node http://localhost:8001 failed: 
ERROR:ingest_api:L1 node http://localhost:8001 failed: 
ERROR:ingest_api:L1 node http://localhost:8001 failed: 
ERROR:ingest_api:L1 node http://localhost:8001 failed: 
ERROR:ingest_api:L1 node http://localhost:8001 failed: 
ERROR:ingest_api:L1 node http://localhost:8001 failed: 
ERROR:ingest_api:L1 node http://localhost:8001 failed: 
ERROR:ingest_api:L1 node http://localhost:8001 failed: 
ERROR:ingest_api:L1 node http://localhost:8001 failed: 
INFO:httpx:HTTP Request: GET http://localhost:8001/health "HTTP/1.1 200 OK"
INFO:httpx:HTTP Request: POST http://localhost:8001/detect/batch "HTTP/1.1 200 OK"
INFO:httpx:HTTP Request: POST http://localhost:8001/detect/batch "HTTP/1.1 200 OK"
INFO:httpx:HTTP Request: POST http://localhost:8001/detect/batch "HTTP/1.1 200 OK"
INFO:httpx:HTTP Request: POST http://localhost:8001/detect/batch "HTTP/1.1 200 OK"
INFO:ingest_api:[A3F27DCD] L1 detection: 247 results in 81908ms
INFO:ingest_api:[A3F27DCD] Verdict: 247 anomalous, 0 benign
INFO:shared.kafka_client:Sent to immunex_raw_alerts partition 0 offset 43
INFO:ingest_api:[A3F27DCD] Complete: 84577ms, 1182 logs/s
INFO:     127.0.0.1:37882 - "POST /ingest/batch HTTP/1.1" 200 OK
INFO:httpx:HTTP Request: GET http://localhost:8001/health "HTTP/1.1 200 OK"
INFO:httpx:HTTP Request: GET http://localhost:8001/health "HTTP/1.1 200 OK"
INFO:httpx:HTTP Request: GET http://localhost:8001/health "HTTP/1.1 200 OK"
INFO:httpx:HTTP Request: GET http://localhost:8001/health "HTTP/1.1 200 OK"
INFO:httpx:HTTP Request: GET http://localhost:8001/health "HTTP/1.1 200 OK"
INFO:httpx:HTTP Request: GET http://localhost:8001/health "HTTP/1.1 200 OK"
INFO:httpx:HTTP Request: GET http://localhost:8001/health "HTTP/1.1 200 OK"
INFO:httpx:HTTP Request: GET http://localhost:8001/health "HTTP/1.1 200 OK"
INFO:httpx:HTTP Request: GET http://localhost:8001/health "HTTP/1.1 200 OK"
INFO:     Started server process [96877]
INFO:     Waiting for application startup.
INFO:kafka.conn:<BrokerConnection client_id=kafka-python-producer-1, node_id=bootstrap-0 host=localhost:9092 <connecting> [IPv6 ('::1', 9092, 0, 0)]>: connecting to localhost:9092 [('::1', 9092, 0, 0) IPv6]
INFO:kafka.conn:<BrokerConnection client_id=kafka-python-producer-1, node_id=bootstrap-0 host=localhost:9092 <checking_api_versions_recv> [IPv6 ('::1', 9092, 0, 0)]>: Broker version identified as 2.6
INFO:kafka.conn:<BrokerConnection client_id=kafka-python-producer-1, node_id=bootstrap-0 host=localhost:9092 <connected> [IPv6 ('::1', 9092, 0, 0)]>: Connection complete.
INFO:shared.kafka_client:Kafka producer connected
INFO:shared.redis_client:Redis connected
INFO:elastic_transport.transport:HEAD http://localhost:9200/immunex_alerts [status:200 duration:0.003s]
INFO:elastic_transport.transport:HEAD http://localhost:9200/immunex_incidents [status:200 duration:0.001s]
INFO:elastic_transport.transport:HEAD http://localhost:9200/immunex_playbooks [status:200 duration:0.003s]
INFO:shared.es_client:Elasticsearch connected
INFO:orchestrator:Orchestrator started
INFO:ingest_api:Ingest API initialized: 14 CPU workers, 8 GPU slots, 20 pipeline slots
INFO:orchestrator:Layer primary URLs: {1: 'http://localhost:8001', 2: 'http://10.0.0.2:8002', 3: 'http://10.0.0.3:8003', 4: 'http://10.0.0.4:8004', 5: 'http://10.0.0.5:8005'}
INFO:     Application startup complete.
INFO:     Uvicorn running on http://0.0.0.0:8000 (Press CTRL+C to quit)
INFO:httpx:HTTP Request: GET http://localhost:8001/health "HTTP/1.1 200 OK"
INFO:ingest_api:[AE2C5F11] Bulk ingest: 43 logs
INFO:ingest_api:[AE2C5F11] Normalized 43/43 in 1ms (43000 logs/s)
INFO:ingest_api:[AE2C5F11] Dedup: removed 7, 36 unique remaining
INFO:httpx:HTTP Request: POST http://localhost:8001/detect/batch "HTTP/1.1 200 OK"
INFO:httpx:HTTP Request: POST http://localhost:8001/detect/batch "HTTP/1.1 200 OK"
INFO:ingest_api:[AE2C5F11] L1 detection: 36 results in 454ms
INFO:ingest_api:[AE2C5F11] Verdict: 36 anomalous | CRITICAL=0 HIGH=6 MEDIUM=30 LOW=0
INFO:kafka.conn:<BrokerConnection client_id=kafka-python-producer-1, node_id=1 host=localhost:9092 <connecting> [IPv6 ('::1', 9092, 0, 0)]>: connecting to localhost:9092 [('::1', 9092, 0, 0) IPv6]
INFO:kafka.conn:<BrokerConnection client_id=kafka-python-producer-1, node_id=1 host=localhost:9092 <connected> [IPv6 ('::1', 9092, 0, 0)]>: Connection complete.
INFO:kafka.conn:<BrokerConnection client_id=kafka-python-producer-1, node_id=bootstrap-0 host=localhost:9092 <connected> [IPv6 ('::1', 9092, 0, 0)]>: Closing connection. 
INFO:shared.kafka_client:Sent to immunex_raw_alerts partition 0 offset 44
INFO:ingest_api:[AE2C5F11] Complete: 463ms, 93 logs/s
INFO:     127.0.0.1:51070 - "POST /ingest/batch HTTP/1.1" 200 OK
INFO:     127.0.0.1:51086 - "GET /ingest/queue/stats HTTP/1.1" 200 OK
INFO:httpx:HTTP Request: GET http://localhost:8001/health "HTTP/1.1 200 OK"
INFO:httpx:HTTP Request: GET http://localhost:8001/health "HTTP/1.1 200 OK"
INFO:httpx:HTTP Request: GET http://localhost:8001/health "HTTP/1.1 200 OK"
INFO:httpx:HTTP Request: GET http://localhost:8001/health "HTTP/1.1 200 OK"
INFO:httpx:HTTP Request: GET http://localhost:8001/health "HTTP/1.1 200 OK"
INFO:httpx:HTTP Request: GET http://localhost:8001/health "HTTP/1.1 200 OK"
INFO:     Started server process [98148]
INFO:     Waiting for application startup.
INFO:kafka.conn:<BrokerConnection client_id=kafka-python-producer-1, node_id=bootstrap-0 host=localhost:9092 <connecting> [IPv6 ('::1', 9092, 0, 0)]>: connecting to localhost:9092 [('::1', 9092, 0, 0) IPv6]
INFO:kafka.conn:<BrokerConnection client_id=kafka-python-producer-1, node_id=bootstrap-0 host=localhost:9092 <checking_api_versions_recv> [IPv6 ('::1', 9092, 0, 0)]>: Broker version identified as 2.6
INFO:kafka.conn:<BrokerConnection client_id=kafka-python-producer-1, node_id=bootstrap-0 host=localhost:9092 <connected> [IPv6 ('::1', 9092, 0, 0)]>: Connection complete.
INFO:shared.kafka_client:Kafka producer connected
INFO:shared.redis_client:Redis connected
INFO:elastic_transport.transport:HEAD http://localhost:9200/immunex_alerts [status:200 duration:0.004s]
INFO:elastic_transport.transport:HEAD http://localhost:9200/immunex_incidents [status:200 duration:0.003s]
INFO:elastic_transport.transport:HEAD http://localhost:9200/immunex_playbooks [status:200 duration:0.002s]
INFO:shared.es_client:Elasticsearch connected
INFO:orchestrator:Orchestrator started
INFO:ingest_api:Ingest API initialized: 14 CPU workers, 8 GPU slots, 20 pipeline slots
INFO:orchestrator:Layer primary URLs: {1: 'http://localhost:8001', 2: 'http://10.0.0.2:8002', 3: 'http://10.0.0.3:8003', 4: 'http://10.0.0.4:8004', 5: 'http://10.0.0.5:8005'}
INFO:     Application startup complete.
INFO:     Uvicorn running on http://0.0.0.0:8000 (Press CTRL+C to quit)
INFO:httpx:HTTP Request: GET http://localhost:8001/health "HTTP/1.1 200 OK"
INFO:ingest_api:[44ED082A] Bulk ingest: 43 logs
INFO:ingest_api:[44ED082A] Normalized 43/43 in 1ms (43000 logs/s)
INFO:ingest_api:[44ED082A] Dedup: removed 7, 36 unique remaining
INFO:httpx:HTTP Request: POST http://localhost:8001/detect/batch "HTTP/1.1 200 OK"
INFO:httpx:HTTP Request: POST http://localhost:8001/detect/batch "HTTP/1.1 200 OK"
INFO:ingest_api:[44ED082A] L1 detection: 36 results in 453ms
WARNING:priority_engine:CRITICAL ALERT: 45.33.0.1 → 10.0.0.1 | score=0.9 | attack=Ransomware | chain_hits=1
WARNING:priority_engine:CRITICAL ALERT: 45.33.1.1 → 10.0.0.2 | score=0.9 | attack=Ransomware | chain_hits=1
WARNING:priority_engine:CRITICAL ALERT: 45.33.2.1 → 10.0.0.3 | score=0.9 | attack=Ransomware | chain_hits=1
WARNING:priority_engine:CRITICAL ALERT: 45.33.3.1 → 10.0.0.4 | score=0.9 | attack=Ransomware | chain_hits=1
WARNING:priority_engine:CRITICAL ALERT: 45.33.4.1 → 10.0.0.5 | score=0.9 | attack=Ransomware | chain_hits=1
WARNING:priority_engine:CRITICAL ALERT: 185.220.101.5 → 10.0.1.50 | score=0.9 | attack=BruteForce | chain_hits=1
WARNING:priority_engine:TRIAGE: 6 CRITICAL | 0 HIGH | 30 MEDIUM | 0 LOW
INFO:ingest_api:[44ED082A] Verdict: 36 anomalous | CRITICAL=6 HIGH=0 MEDIUM=30 LOW=0
INFO:kafka.conn:<BrokerConnection client_id=kafka-python-producer-1, node_id=1 host=localhost:9092 <connecting> [IPv6 ('::1', 9092, 0, 0)]>: connecting to localhost:9092 [('::1', 9092, 0, 0) IPv6]
INFO:kafka.conn:<BrokerConnection client_id=kafka-python-producer-1, node_id=1 host=localhost:9092 <connected> [IPv6 ('::1', 9092, 0, 0)]>: Connection complete.
INFO:kafka.conn:<BrokerConnection client_id=kafka-python-producer-1, node_id=bootstrap-0 host=localhost:9092 <connected> [IPv6 ('::1', 9092, 0, 0)]>: Closing connection. 
INFO:shared.kafka_client:Sent to immunex_raw_alerts partition 0 offset 45
INFO:ingest_api:[44ED082A] Complete: 460ms, 93 logs/s
INFO:     127.0.0.1:52886 - "POST /ingest/batch HTTP/1.1" 200 OK
INFO:     127.0.0.1:52894 - "GET /ingest/queue/stats HTTP/1.1" 200 OK
INFO:httpx:HTTP Request: GET http://localhost:8001/health "HTTP/1.1 200 OK"
INFO:httpx:HTTP Request: GET http://localhost:8001/health "HTTP/1.1 200 OK"
INFO:httpx:HTTP Request: GET http://localhost:8001/health "HTTP/1.1 200 OK"
INFO:     Started server process [98733]
INFO:     Waiting for application startup.
INFO:kafka.conn:<BrokerConnection client_id=kafka-python-producer-1, node_id=bootstrap-0 host=localhost:9092 <connecting> [IPv6 ('::1', 9092, 0, 0)]>: connecting to localhost:9092 [('::1', 9092, 0, 0) IPv6]
INFO:kafka.conn:<BrokerConnection client_id=kafka-python-producer-1, node_id=bootstrap-0 host=localhost:9092 <checking_api_versions_recv> [IPv6 ('::1', 9092, 0, 0)]>: Broker version identified as 2.6
INFO:kafka.conn:<BrokerConnection client_id=kafka-python-producer-1, node_id=bootstrap-0 host=localhost:9092 <connected> [IPv6 ('::1', 9092, 0, 0)]>: Connection complete.
INFO:shared.kafka_client:Kafka producer connected
INFO:shared.redis_client:Redis connected
INFO:elastic_transport.transport:HEAD http://localhost:9200/immunex_alerts [status:200 duration:0.004s]
INFO:elastic_transport.transport:HEAD http://localhost:9200/immunex_incidents [status:200 duration:0.003s]
INFO:elastic_transport.transport:HEAD http://localhost:9200/immunex_playbooks [status:200 duration:0.001s]
INFO:shared.es_client:Elasticsearch connected
INFO:orchestrator:Orchestrator started
INFO:ingest_api:Ingest API initialized: 14 CPU workers, 8 GPU slots, 20 pipeline slots
INFO:orchestrator:Layer primary URLs: {1: 'http://localhost:8001', 2: 'http://10.0.0.2:8002', 3: 'http://10.0.0.3:8003', 4: 'http://10.0.0.4:8004', 5: 'http://10.0.0.5:8005'}
INFO:     Application startup complete.
INFO:     Uvicorn running on http://0.0.0.0:8000 (Press CTRL+C to quit)
INFO:httpx:HTTP Request: GET http://localhost:8001/health "HTTP/1.1 200 OK"
INFO:ingest_api:[DDF07F2B] Bulk ingest: 43 logs
INFO:ingest_api:[DDF07F2B] Normalized 43/43 in 1ms (43000 logs/s)
INFO:ingest_api:[DDF07F2B] Dedup: removed 7, 36 unique remaining
INFO:httpx:HTTP Request: POST http://localhost:8001/detect/batch "HTTP/1.1 200 OK"
INFO:httpx:HTTP Request: POST http://localhost:8001/detect/batch "HTTP/1.1 200 OK"
INFO:ingest_api:[DDF07F2B] L1 detection: 36 results in 445ms
WARNING:priority_engine:CRITICAL ALERT: 45.33.0.1 → 10.0.0.1 | score=0.9 | attack=Ransomware | chain_hits=1
WARNING:priority_engine:CRITICAL ALERT: 45.33.1.1 → 10.0.0.2 | score=0.9 | attack=Ransomware | chain_hits=1
WARNING:priority_engine:CRITICAL ALERT: 45.33.2.1 → 10.0.0.3 | score=0.9 | attack=Ransomware | chain_hits=1
WARNING:priority_engine:CRITICAL ALERT: 45.33.3.1 → 10.0.0.4 | score=0.9 | attack=Ransomware | chain_hits=1
WARNING:priority_engine:CRITICAL ALERT: 45.33.4.1 → 10.0.0.5 | score=0.9 | attack=Ransomware | chain_hits=1
WARNING:priority_engine:CRITICAL ALERT: 185.220.101.5 → 10.0.1.50 | score=0.9 | attack=BruteForce | chain_hits=8
WARNING:priority_engine:TRIAGE: 6 CRITICAL | 0 HIGH | 30 MEDIUM | 0 LOW
INFO:ingest_api:[DDF07F2B] Verdict: 36 anomalous | CRITICAL=6 HIGH=0 MEDIUM=30 LOW=0
INFO:kafka.conn:<BrokerConnection client_id=kafka-python-producer-1, node_id=1 host=localhost:9092 <connecting> [IPv6 ('::1', 9092, 0, 0)]>: connecting to localhost:9092 [('::1', 9092, 0, 0) IPv6]
INFO:kafka.conn:<BrokerConnection client_id=kafka-python-producer-1, node_id=1 host=localhost:9092 <connected> [IPv6 ('::1', 9092, 0, 0)]>: Connection complete.
INFO:kafka.conn:<BrokerConnection client_id=kafka-python-producer-1, node_id=bootstrap-0 host=localhost:9092 <connected> [IPv6 ('::1', 9092, 0, 0)]>: Closing connection. 
INFO:shared.kafka_client:Sent to immunex_raw_alerts partition 0 offset 46
INFO:ingest_api:[DDF07F2B] Complete: 455ms, 94 logs/s
INFO:     127.0.0.1:44418 - "POST /ingest/batch HTTP/1.1" 200 OK
INFO:     127.0.0.1:44428 - "GET /ingest/queue/stats HTTP/1.1" 200 OK
INFO:httpx:HTTP Request: GET http://localhost:8001/health "HTTP/1.1 200 OK"
INFO:httpx:HTTP Request: GET http://localhost:8001/health "HTTP/1.1 200 OK"
INFO:httpx:HTTP Request: GET http://localhost:8001/health "HTTP/1.1 200 OK"
INFO:httpx:HTTP Request: GET http://localhost:8001/health "HTTP/1.1 200 OK"
INFO:httpx:HTTP Request: GET http://localhost:8001/health "HTTP/1.1 200 OK"
INFO:httpx:HTTP Request: GET http://localhost:8001/health "HTTP/1.1 200 OK"
INFO:httpx:HTTP Request: GET http://localhost:8001/health "HTTP/1.1 200 OK"
INFO:httpx:HTTP Request: GET http://localhost:8001/health "HTTP/1.1 200 OK"
INFO:httpx:HTTP Request: GET http://localhost:8001/health "HTTP/1.1 200 OK"
INFO:httpx:HTTP Request: GET http://localhost:8001/health "HTTP/1.1 200 OK"
INFO:httpx:HTTP Request: GET http://localhost:8001/health "HTTP/1.1 200 OK"
INFO:httpx:HTTP Request: GET http://localhost:8001/health "HTTP/1.1 200 OK"
INFO:httpx:HTTP Request: GET http://localhost:8001/health "HTTP/1.1 200 OK"
INFO:httpx:HTTP Request: GET http://localhost:8001/health "HTTP/1.1 200 OK"
INFO:httpx:HTTP Request: GET http://localhost:8001/health "HTTP/1.1 200 OK"
INFO:httpx:HTTP Request: GET http://localhost:8001/health "HTTP/1.1 200 OK"
INFO:httpx:HTTP Request: GET http://localhost:8001/health "HTTP/1.1 200 OK"
INFO:httpx:HTTP Request: GET http://localhost:8001/health "HTTP/1.1 200 OK"
INFO:httpx:HTTP Request: GET http://localhost:8001/health "HTTP/1.1 200 OK"
INFO:httpx:HTTP Request: GET http://localhost:8001/health "HTTP/1.1 200 OK"
INFO:httpx:HTTP Request: GET http://localhost:8001/health "HTTP/1.1 200 OK"
INFO:httpx:HTTP Request: GET http://localhost:8001/health "HTTP/1.1 200 OK"
INFO:httpx:HTTP Request: GET http://localhost:8001/health "HTTP/1.1 200 OK"
INFO:httpx:HTTP Request: GET http://localhost:8001/health "HTTP/1.1 200 OK"
INFO:httpx:HTTP Request: GET http://localhost:8001/health "HTTP/1.1 200 OK"
INFO:httpx:HTTP Request: GET http://localhost:8001/health "HTTP/1.1 200 OK"
INFO:httpx:HTTP Request: GET http://localhost:8001/health "HTTP/1.1 200 OK"
INFO:httpx:HTTP Request: GET http://localhost:8001/health "HTTP/1.1 200 OK"
INFO:httpx:HTTP Request: GET http://localhost:8001/health "HTTP/1.1 200 OK"
INFO:httpx:HTTP Request: GET http://localhost:8001/health "HTTP/1.1 200 OK"
INFO:httpx:HTTP Request: GET http://localhost:8001/health "HTTP/1.1 200 OK"
INFO:httpx:HTTP Request: GET http://localhost:8001/health "HTTP/1.1 200 OK"
INFO:httpx:HTTP Request: GET http://localhost:8001/health "HTTP/1.1 200 OK"
INFO:httpx:HTTP Request: GET http://localhost:8001/health "HTTP/1.1 200 OK"
INFO:httpx:HTTP Request: GET http://localhost:8001/health "HTTP/1.1 200 OK"
INFO:httpx:HTTP Request: GET http://localhost:8001/health "HTTP/1.1 200 OK"
INFO:httpx:HTTP Request: GET http://localhost:8001/health "HTTP/1.1 200 OK"
INFO:httpx:HTTP Request: GET http://localhost:8001/health "HTTP/1.1 200 OK"
INFO:httpx:HTTP Request: GET http://localhost:8001/health "HTTP/1.1 200 OK"
INFO:httpx:HTTP Request: GET http://localhost:8001/health "HTTP/1.1 200 OK"
INFO:httpx:HTTP Request: GET http://localhost:8001/health "HTTP/1.1 200 OK"
INFO:httpx:HTTP Request: GET http://localhost:8001/health "HTTP/1.1 200 OK"
INFO:httpx:HTTP Request: GET http://localhost:8001/health "HTTP/1.1 200 OK"
INFO:httpx:HTTP Request: GET http://localhost:8001/health "HTTP/1.1 200 OK"
INFO:httpx:HTTP Request: GET http://localhost:8001/health "HTTP/1.1 200 OK"
INFO:httpx:HTTP Request: GET http://localhost:8001/health "HTTP/1.1 200 OK"
INFO:httpx:HTTP Request: GET http://localhost:8001/health "HTTP/1.1 200 OK"
INFO:httpx:HTTP Request: GET http://localhost:8001/health "HTTP/1.1 200 OK"
INFO:httpx:HTTP Request: GET http://localhost:8001/health "HTTP/1.1 200 OK"
INFO:httpx:HTTP Request: GET http://localhost:8001/health "HTTP/1.1 200 OK"
INFO:httpx:HTTP Request: GET http://localhost:8001/health "HTTP/1.1 200 OK"
INFO:httpx:HTTP Request: GET http://localhost:8001/health "HTTP/1.1 200 OK"
INFO:httpx:HTTP Request: GET http://localhost:8001/health "HTTP/1.1 200 OK"
INFO:httpx:HTTP Request: GET http://localhost:8001/health "HTTP/1.1 200 OK"
INFO:httpx:HTTP Request: GET http://localhost:8001/health "HTTP/1.1 200 OK"
INFO:httpx:HTTP Request: GET http://localhost:8001/health "HTTP/1.1 200 OK"
INFO:httpx:HTTP Request: GET http://localhost:8001/health "HTTP/1.1 200 OK"
INFO:httpx:HTTP Request: GET http://localhost:8001/health "HTTP/1.1 200 OK"
INFO:httpx:HTTP Request: GET http://localhost:8001/health "HTTP/1.1 200 OK"
INFO:httpx:HTTP Request: GET http://localhost:8001/health "HTTP/1.1 200 OK"
INFO:httpx:HTTP Request: GET http://localhost:8001/health "HTTP/1.1 200 OK"
INFO:httpx:HTTP Request: GET http://localhost:8001/health "HTTP/1.1 200 OK"
INFO:httpx:HTTP Request: GET http://localhost:8001/health "HTTP/1.1 200 OK"
INFO:httpx:HTTP Request: GET http://localhost:8001/health "HTTP/1.1 200 OK"
INFO:httpx:HTTP Request: GET http://localhost:8001/health "HTTP/1.1 200 OK"
INFO:httpx:HTTP Request: GET http://localhost:8001/health "HTTP/1.1 200 OK"
INFO:httpx:HTTP Request: GET http://localhost:8001/health "HTTP/1.1 200 OK"
INFO:httpx:HTTP Request: GET http://localhost:8001/health "HTTP/1.1 200 OK"
INFO:httpx:HTTP Request: GET http://localhost:8001/health "HTTP/1.1 200 OK"
INFO:httpx:HTTP Request: GET http://localhost:8001/health "HTTP/1.1 200 OK"
INFO:httpx:HTTP Request: GET http://localhost:8001/health "HTTP/1.1 200 OK"
INFO:httpx:HTTP Request: GET http://localhost:8001/health "HTTP/1.1 200 OK"
INFO:httpx:HTTP Request: GET http://localhost:8001/health "HTTP/1.1 200 OK"
INFO:httpx:HTTP Request: GET http://localhost:8001/health "HTTP/1.1 200 OK"
INFO:httpx:HTTP Request: GET http://localhost:8001/health "HTTP/1.1 200 OK"
INFO:httpx:HTTP Request: GET http://localhost:8001/health "HTTP/1.1 200 OK"
INFO:httpx:HTTP Request: GET http://localhost:8001/health "HTTP/1.1 200 OK"
INFO:httpx:HTTP Request: GET http://localhost:8001/health "HTTP/1.1 200 OK"
INFO:httpx:HTTP Request: GET http://localhost:8001/health "HTTP/1.1 200 OK"
INFO:httpx:HTTP Request: GET http://localhost:8001/health "HTTP/1.1 200 OK"
INFO:httpx:HTTP Request: GET http://localhost:8001/health "HTTP/1.1 200 OK"
INFO:httpx:HTTP Request: GET http://localhost:8001/health "HTTP/1.1 200 OK"
INFO:httpx:HTTP Request: GET http://localhost:8001/health "HTTP/1.1 200 OK"
INFO:httpx:HTTP Request: GET http://localhost:8001/health "HTTP/1.1 200 OK"
INFO:httpx:HTTP Request: GET http://localhost:8001/health "HTTP/1.1 200 OK"
INFO:httpx:HTTP Request: GET http://localhost:8001/health "HTTP/1.1 200 OK"
INFO:httpx:HTTP Request: GET http://localhost:8001/health "HTTP/1.1 200 OK"
INFO:httpx:HTTP Request: GET http://localhost:8001/health "HTTP/1.1 200 OK"
INFO:httpx:HTTP Request: GET http://localhost:8001/health "HTTP/1.1 200 OK"
INFO:httpx:HTTP Request: GET http://localhost:8001/health "HTTP/1.1 200 OK"
INFO:httpx:HTTP Request: GET http://localhost:8001/health "HTTP/1.1 200 OK"
INFO:httpx:HTTP Request: GET http://localhost:8001/health "HTTP/1.1 200 OK"
INFO:httpx:HTTP Request: GET http://localhost:8001/health "HTTP/1.1 200 OK"
INFO:httpx:HTTP Request: GET http://localhost:8001/health "HTTP/1.1 200 OK"
INFO:httpx:HTTP Request: GET http://localhost:8001/health "HTTP/1.1 200 OK"
INFO:httpx:HTTP Request: GET http://localhost:8001/health "HTTP/1.1 200 OK"
INFO:httpx:HTTP Request: GET http://localhost:8001/health "HTTP/1.1 200 OK"
INFO:httpx:HTTP Request: GET http://localhost:8001/health "HTTP/1.1 200 OK"
INFO:httpx:HTTP Request: GET http://localhost:8001/health "HTTP/1.1 200 OK"
INFO:httpx:HTTP Request: GET http://localhost:8001/health "HTTP/1.1 200 OK"
INFO:httpx:HTTP Request: GET http://localhost:8001/health "HTTP/1.1 200 OK"
INFO:httpx:HTTP Request: GET http://localhost:8001/health "HTTP/1.1 200 OK"
INFO:httpx:HTTP Request: GET http://localhost:8001/health "HTTP/1.1 200 OK"
INFO:httpx:HTTP Request: GET http://localhost:8001/health "HTTP/1.1 200 OK"
INFO:httpx:HTTP Request: GET http://localhost:8001/health "HTTP/1.1 200 OK"
INFO:httpx:HTTP Request: GET http://localhost:8001/health "HTTP/1.1 200 OK"
INFO:httpx:HTTP Request: GET http://localhost:8001/health "HTTP/1.1 200 OK"
INFO:httpx:HTTP Request: GET http://localhost:8001/health "HTTP/1.1 200 OK"
INFO:httpx:HTTP Request: GET http://localhost:8001/health "HTTP/1.1 200 OK"
INFO:httpx:HTTP Request: GET http://localhost:8001/health "HTTP/1.1 200 OK"
INFO:httpx:HTTP Request: GET http://localhost:8001/health "HTTP/1.1 200 OK"
INFO:httpx:HTTP Request: GET http://localhost:8001/health "HTTP/1.1 200 OK"
INFO:httpx:HTTP Request: GET http://localhost:8001/health "HTTP/1.1 200 OK"
INFO:httpx:HTTP Request: GET http://localhost:8001/health "HTTP/1.1 200 OK"
INFO:httpx:HTTP Request: GET http://localhost:8001/health "HTTP/1.1 200 OK"
INFO:httpx:HTTP Request: GET http://localhost:8001/health "HTTP/1.1 200 OK"
INFO:httpx:HTTP Request: GET http://localhost:8001/health "HTTP/1.1 200 OK"
INFO:httpx:HTTP Request: GET http://localhost:8001/health "HTTP/1.1 200 OK"
INFO:httpx:HTTP Request: GET http://localhost:8001/health "HTTP/1.1 200 OK"
INFO:httpx:HTTP Request: GET http://localhost:8001/health "HTTP/1.1 200 OK"
INFO:httpx:HTTP Request: GET http://localhost:8001/health "HTTP/1.1 200 OK"
INFO:httpx:HTTP Request: GET http://localhost:8001/health "HTTP/1.1 200 OK"
INFO:httpx:HTTP Request: GET http://localhost:8001/health "HTTP/1.1 200 OK"
INFO:httpx:HTTP Request: GET http://localhost:8001/health "HTTP/1.1 200 OK"
INFO:httpx:HTTP Request: GET http://localhost:8001/health "HTTP/1.1 200 OK"
INFO:httpx:HTTP Request: GET http://localhost:8001/health "HTTP/1.1 200 OK"
INFO:httpx:HTTP Request: GET http://localhost:8001/health "HTTP/1.1 200 OK"
INFO:httpx:HTTP Request: GET http://localhost:8001/health "HTTP/1.1 200 OK"
INFO:httpx:HTTP Request: GET http://localhost:8001/health "HTTP/1.1 200 OK"
INFO:httpx:HTTP Request: GET http://localhost:8001/health "HTTP/1.1 200 OK"
INFO:httpx:HTTP Request: GET http://localhost:8001/health "HTTP/1.1 200 OK"
INFO:httpx:HTTP Request: GET http://localhost:8001/health "HTTP/1.1 200 OK"
INFO:httpx:HTTP Request: GET http://localhost:8001/health "HTTP/1.1 200 OK"
INFO:httpx:HTTP Request: GET http://localhost:8001/health "HTTP/1.1 200 OK"
INFO:httpx:HTTP Request: GET http://localhost:8001/health "HTTP/1.1 200 OK"
INFO:httpx:HTTP Request: GET http://localhost:8001/health "HTTP/1.1 200 OK"
INFO:httpx:HTTP Request: GET http://localhost:8001/health "HTTP/1.1 200 OK"
INFO:httpx:HTTP Request: GET http://localhost:8001/health "HTTP/1.1 200 OK"
INFO:httpx:HTTP Request: GET http://localhost:8001/health "HTTP/1.1 200 OK"
INFO:httpx:HTTP Request: GET http://localhost:8001/health "HTTP/1.1 200 OK"
INFO:httpx:HTTP Request: GET http://localhost:8001/health "HTTP/1.1 200 OK"
INFO:httpx:HTTP Request: GET http://localhost:8001/health "HTTP/1.1 200 OK"
INFO:httpx:HTTP Request: GET http://localhost:8001/health "HTTP/1.1 200 OK"
INFO:httpx:HTTP Request: GET http://localhost:8001/health "HTTP/1.1 200 OK"
INFO:httpx:HTTP Request: GET http://localhost:8001/health "HTTP/1.1 200 OK"
INFO:httpx:HTTP Request: GET http://localhost:8001/health "HTTP/1.1 200 OK"
